{
"type": "FeatureCollection",
"name": "landschaftsverband_rheinland",
"crs": { "type": "name", "properties": { "name": "urn:ogc:def:crs:OGC:1.3:CRS84" } },
"features": [
{ "type": "Feature", "properties": { "AGS": "5999999", "GEN": "Landschaftsverband Rheinland" }, "geometry": { "type": "MultiPolygon", "coordinates": [ [ [ [ 6.205108756033642, 50.521969386840318 ], [ 6.205328598631466, 50.520974262399854 ], [ 6.201666677126842, 50.520814329939405 ], [ 6.199845326701976, 50.521404307641838 ], [ 6.192200700931272, 50.521055616163281 ], [ 6.190628081539208, 50.522628163725656 ], [ 6.18966962428981, 50.524746430613007 ], [ 6.187235616247608, 50.526304737503807 ], [ 6.187262265793685, 50.527089873233074 ], [ 6.189342476209359, 50.528711850474906 ], [ 6.19214363739261, 50.530895730012496 ], [ 6.194274012381308, 50.530948316614676 ], [ 6.195291313242943, 50.530981472169813 ], [ 6.195460137762843, 50.530262076428222 ], [ 6.195697158883934, 50.529634215583549 ], [ 6.196043753833116, 50.528928817469748 ], [ 6.196612482917983, 50.528035803086468 ], [ 6.197302829381038, 50.527212632215111 ], [ 6.198005218921701, 50.526536841422164 ], [ 6.198755758851833, 50.526173039695976 ], [ 6.200387530701722, 50.525695188477009 ], [ 6.201723578161531, 50.525369542539416 ], [ 6.202775867092301, 50.525065949878687 ], [ 6.203667197872586, 50.524753614231926 ], [ 6.204206218033206, 50.524270342968833 ], [ 6.204596947263966, 50.523546393817213 ], [ 6.204933539354116, 50.522762823748081 ], [ 6.205108756033642, 50.521969386840318 ] ] ], [ [ [ 6.927901086871075, 50.558618624293693 ], [ 6.924623531717858, 50.556391490977994 ], [ 6.924198413566617, 50.555491673341514 ], [ 6.922046183484535, 50.554280872050754 ], [ 6.923377721147509, 50.551684917798219 ], [ 6.924263882110815, 50.549957100070266 ], [ 6.924864878925092, 50.548011939295357 ], [ 6.925862030760228, 50.544025181396201 ], [ 6.927584010969212, 50.542897684185519 ], [ 6.928966456886596, 50.542617000673552 ], [ 6.931369913956875, 50.53556593494595 ], [ 6.930483150964287, 50.534034111725326 ], [ 6.929349706936592, 50.533143229818769 ], [ 6.926899093960333, 50.533400599424766 ], [ 6.923167268559046, 50.53285247015409 ], [ 6.923829416398819, 50.53158483622812 ], [ 6.915977280463331, 50.529106906841157 ], [ 6.916501680598203, 50.527979159841976 ], [ 6.912562374685812, 50.527379177968129 ], [ 6.909003669500004, 50.525502726788083 ], [ 6.905804090932114, 50.525763326332338 ], [ 6.904450335922839, 50.527198471523491 ], [ 6.900120807222152, 50.527081344628634 ], [ 6.898732278015935, 50.527128051816206 ], [ 6.898666487645208, 50.527432281300278 ], [ 6.898861106166389, 50.52839325098136 ], [ 6.899099959911101, 50.529184162588798 ], [ 6.899597365491378, 50.529714247856731 ], [ 6.900040703250066, 50.52999316486531 ], [ 6.90075471071583, 50.530785566865546 ], [ 6.897568279262501, 50.530686025452852 ], [ 6.894617472080172, 50.529728958363982 ], [ 6.888272877803095, 50.529423156812847 ], [ 6.88608467825742, 50.529317605981333 ], [ 6.88526235784216, 50.528436015807493 ], [ 6.882098443347611, 50.526949440321189 ], [ 6.884459848981062, 50.524735388643329 ], [ 6.88395704699353, 50.523377351524758 ], [ 6.8838275010843, 50.521760769834707 ], [ 6.884490582034246, 50.519943846415444 ], [ 6.887245274489983, 50.518669962225168 ], [ 6.892641729784335, 50.518316529920064 ], [ 6.893815029742067, 50.517758697727494 ], [ 6.897818523276782, 50.517694738098619 ], [ 6.896474400968482, 50.516616747966935 ], [ 6.896198546579084, 50.514509164338747 ], [ 6.894187812229842, 50.513833687705791 ], [ 6.891528201516074, 50.511002697873096 ], [ 6.888965120648317, 50.5082740759891 ], [ 6.888554081684775, 50.507009018722115 ], [ 6.892314013928068, 50.506243995258146 ], [ 6.897529389526833, 50.50638917936805 ], [ 6.899536188872144, 50.503803451204909 ], [ 6.901537250549675, 50.503496631702262 ], [ 6.907069078258165, 50.502642344428338 ], [ 6.906295305947981, 50.501681341847011 ], [ 6.904852992290382, 50.499861694327038 ], [ 6.901057685436917, 50.497419021295215 ], [ 6.900323149886656, 50.494846700449919 ], [ 6.898768438726741, 50.493392793919377 ], [ 6.897866544338895, 50.492265567939555 ], [ 6.898519135528023, 50.492042750352041 ], [ 6.899631648350445, 50.492266709558322 ], [ 6.900284107074294, 50.492413221129702 ], [ 6.901749057896499, 50.491909488832079 ], [ 6.900360241823067, 50.48976714115333 ], [ 6.904233528544343, 50.486951419813849 ], [ 6.905593791317926, 50.485048084989693 ], [ 6.904471927169527, 50.482923127518234 ], [ 6.904110732369332, 50.482110106440416 ], [ 6.902840457137003, 50.481737121802674 ], [ 6.901804809155768, 50.481434513122352 ], [ 6.89921377458688, 50.478038437058657 ], [ 6.903208768927362, 50.475280636071446 ], [ 6.899882253411758, 50.470987776312839 ], [ 6.901481602755603, 50.469091977160026 ], [ 6.897817867169571, 50.468094569787496 ], [ 6.894359009543774, 50.467004366384394 ], [ 6.891309228617293, 50.467386242268717 ], [ 6.888967030653762, 50.466276822409505 ], [ 6.887837905390928, 50.467376457773327 ], [ 6.885412681585558, 50.466795855969636 ], [ 6.881986471721494, 50.466201759998398 ], [ 6.880532596294637, 50.465813916732181 ], [ 6.878342588682179, 50.465229651181588 ], [ 6.876703865513988, 50.464792425031909 ], [ 6.873001500598552, 50.462297571206769 ], [ 6.870122822540898, 50.459558311447729 ], [ 6.869428719999542, 50.458680606592459 ], [ 6.86876087211765, 50.458010921668972 ], [ 6.86780995493896, 50.457170144853833 ], [ 6.866737951427461, 50.456253467971258 ], [ 6.865103276570871, 50.456589216444556 ], [ 6.863113175580319, 50.456958753718766 ], [ 6.862556239988067, 50.456679903260955 ], [ 6.861987189688515, 50.456193469505095 ], [ 6.860651796076794, 50.454854009681306 ], [ 6.859534841484337, 50.453791700599645 ], [ 6.858573833187267, 50.453265821646703 ], [ 6.857525839903834, 50.45313355948074 ], [ 6.856785535635685, 50.45321822747232 ], [ 6.856060813638589, 50.453465539350361 ], [ 6.85504571010013, 50.454181106746319 ], [ 6.853431123376165, 50.456436165501465 ], [ 6.85280816835634, 50.457551513108534 ], [ 6.850171428095886, 50.457161626824508 ], [ 6.847476048554588, 50.459337289455725 ], [ 6.843584804580018, 50.460375850987248 ], [ 6.840540212993798, 50.463945632719309 ], [ 6.836535916732532, 50.465520903590395 ], [ 6.831597068611381, 50.466048272727051 ], [ 6.828592714608884, 50.467029147427304 ], [ 6.825604260681054, 50.467235472456508 ], [ 6.818401480638015, 50.469626899596499 ], [ 6.816895353731761, 50.47083095218138 ], [ 6.812069505761046, 50.472243996250285 ], [ 6.809210537601578, 50.475566749396144 ], [ 6.807492505997177, 50.479097211425469 ], [ 6.806803658889249, 50.484136763779262 ], [ 6.806193596502196, 50.488235652332065 ], [ 6.803794359314335, 50.489113618122317 ], [ 6.802044277498331, 50.490464606653774 ], [ 6.800937205105394, 50.491319165862677 ], [ 6.796305315439429, 50.489985855603351 ], [ 6.790922766724935, 50.488870387895517 ], [ 6.78938047897279, 50.489105051596702 ], [ 6.787916036786656, 50.488247146284856 ], [ 6.779861857456192, 50.486577191836005 ], [ 6.778674496347621, 50.485169442287187 ], [ 6.775385075649342, 50.482495488089718 ], [ 6.771696067625875, 50.483430167170347 ], [ 6.768281663895816, 50.484283541090903 ], [ 6.767560863203953, 50.482341224455894 ], [ 6.760693191713166, 50.476037174256255 ], [ 6.7591286349487, 50.474589916553533 ], [ 6.751362399631629, 50.475139115797852 ], [ 6.744603261549186, 50.47263045895437 ], [ 6.743243953106861, 50.467748100862281 ], [ 6.74560377450352, 50.46648270951578 ], [ 6.747733109782205, 50.466155735958104 ], [ 6.750742437801871, 50.466650208244786 ], [ 6.751087344289883, 50.467985805408155 ], [ 6.751801781289621, 50.468054118325853 ], [ 6.751478619881348, 50.470228548059652 ], [ 6.75269838288354, 50.470668725140129 ], [ 6.753848390093401, 50.471421266773454 ], [ 6.75673679944874, 50.471171975096738 ], [ 6.758145396334495, 50.470931728264247 ], [ 6.758091134527485, 50.469547066689529 ], [ 6.758151443359979, 50.468260707542768 ], [ 6.758718975682001, 50.467693555774773 ], [ 6.757935647288117, 50.467073483303125 ], [ 6.758450961677778, 50.466099220474909 ], [ 6.756441508513532, 50.46492574606723 ], [ 6.757107649867939, 50.463830265486273 ], [ 6.757072979835602, 50.463030659642186 ], [ 6.758090449095785, 50.462634678718096 ], [ 6.759331459587127, 50.46178539572319 ], [ 6.762736454460173, 50.4626257591175 ], [ 6.763743124170387, 50.462036808881614 ], [ 6.764660057731005, 50.461688186239684 ], [ 6.764633568190317, 50.460426040681362 ], [ 6.766624285277935, 50.458643755480665 ], [ 6.76621628334056, 50.457918794203955 ], [ 6.764952054489215, 50.457490374904253 ], [ 6.764712284866699, 50.457311418222211 ], [ 6.763981774434979, 50.456738144430204 ], [ 6.762935908706997, 50.455695156041571 ], [ 6.764529532050797, 50.454999135403426 ], [ 6.764625178992016, 50.450785943515854 ], [ 6.761584341759274, 50.449281752010627 ], [ 6.760463523984442, 50.448650722505228 ], [ 6.759678543698287, 50.448408985987534 ], [ 6.757116894956106, 50.446957383251323 ], [ 6.751943628410168, 50.445265305180456 ], [ 6.749105290653269, 50.443884477289004 ], [ 6.746507769771729, 50.442493412883096 ], [ 6.74369893864757, 50.440924208551742 ], [ 6.745941150400752, 50.438114427167662 ], [ 6.745488249509776, 50.437604134741107 ], [ 6.745059495863914, 50.436968498333449 ], [ 6.745523502804894, 50.435929556925174 ], [ 6.746910509397312, 50.435695532743352 ], [ 6.748377488316278, 50.435166794626916 ], [ 6.748061269217695, 50.434534840427006 ], [ 6.749967921990913, 50.433975378365815 ], [ 6.751481467216216, 50.43374542719463 ], [ 6.753248669827882, 50.433694895260601 ], [ 6.755220341108085, 50.434263621124074 ], [ 6.757818606255069, 50.434050878732883 ], [ 6.760315480380777, 50.43139328928784 ], [ 6.760600169682079, 50.431537683373236 ], [ 6.763922864693608, 50.433384432936634 ], [ 6.766727119647217, 50.434304327926078 ], [ 6.771200603439488, 50.43605305985637 ], [ 6.769835390766194, 50.43406282218654 ], [ 6.769242186649779, 50.43247599237457 ], [ 6.769313572760219, 50.431045854282026 ], [ 6.770414898957821, 50.428901361459573 ], [ 6.771225142828283, 50.426504969816833 ], [ 6.770693110645964, 50.425045465910586 ], [ 6.772013326739232, 50.424403577546506 ], [ 6.77530999618057, 50.424267153578725 ], [ 6.778666294155212, 50.424143036630511 ], [ 6.780435732248753, 50.423284958016581 ], [ 6.783599601983989, 50.421213360983039 ], [ 6.785122974883683, 50.420633301907529 ], [ 6.783092415160947, 50.419137495810283 ], [ 6.781156366448871, 50.417015421891065 ], [ 6.779232953004179, 50.41360654608733 ], [ 6.779147647862929, 50.411858950057926 ], [ 6.779235146362887, 50.408088974873984 ], [ 6.779270636103706, 50.406559730802037 ], [ 6.779307456558335, 50.404972999923309 ], [ 6.773639500912474, 50.401257837145913 ], [ 6.770480985848484, 50.397722923852761 ], [ 6.769311744221839, 50.392747978413468 ], [ 6.773867093539528, 50.389508348278831 ], [ 6.774611974235318, 50.388457637425901 ], [ 6.77561563972941, 50.387041807020026 ], [ 6.775949477669599, 50.386379559652475 ], [ 6.776736246765889, 50.38527281901132 ], [ 6.780589767434807, 50.381311685992188 ], [ 6.784040272103852, 50.377143585744939 ], [ 6.785434303117511, 50.375459401226166 ], [ 6.784687367803759, 50.37475056236169 ], [ 6.790571477954722, 50.373021796886405 ], [ 6.796195386827777, 50.369942023101572 ], [ 6.798495757315605, 50.369697791210925 ], [ 6.80274541049685, 50.369304620952889 ], [ 6.80252225209038, 50.367419754513548 ], [ 6.800376301073715, 50.364004063031281 ], [ 6.800711449127532, 50.361781335847574 ], [ 6.799486076063823, 50.361246369675371 ], [ 6.797144250856275, 50.360224952059063 ], [ 6.795592455192877, 50.359544282588921 ], [ 6.795401455858699, 50.360538113536279 ], [ 6.795203832476909, 50.361973168864928 ], [ 6.791527163951487, 50.361449104461713 ], [ 6.788173760194768, 50.36253896721022 ], [ 6.785508966499437, 50.362212326622455 ], [ 6.783082585034256, 50.36191485276543 ], [ 6.780875722868058, 50.363284853722874 ], [ 6.777686249506871, 50.364433785365669 ], [ 6.777293465321307, 50.363880511773857 ], [ 6.776982130231963, 50.363365913061301 ], [ 6.778059800511018, 50.361851285736975 ], [ 6.776766458480838, 50.358088625560498 ], [ 6.775896103701527, 50.358231576132326 ], [ 6.774380433752543, 50.358876112575082 ], [ 6.773082940386757, 50.359743793692282 ], [ 6.772285426339932, 50.360277097824515 ], [ 6.770885567137091, 50.361213151813629 ], [ 6.765409281738154, 50.358563754708577 ], [ 6.76483693276629, 50.358286823498702 ], [ 6.753523026125247, 50.354116394206706 ], [ 6.752074833172382, 50.355501598120689 ], [ 6.745997954365569, 50.354185949607867 ], [ 6.743857035900748, 50.354026290835677 ], [ 6.740188761332932, 50.353752634048803 ], [ 6.735975341048253, 50.353263231225768 ], [ 6.734525482726206, 50.352377828766791 ], [ 6.732403726951483, 50.352497424199534 ], [ 6.731523998863715, 50.351702761844017 ], [ 6.730802162334591, 50.351516368913437 ], [ 6.72996513666249, 50.351300224236212 ], [ 6.729578046431417, 50.351035252127502 ], [ 6.727115544796713, 50.349260603000715 ], [ 6.724671814940352, 50.348306365185003 ], [ 6.724111212866384, 50.348098732842935 ], [ 6.723535851091172, 50.347899621494882 ], [ 6.723137995894539, 50.347769412251701 ], [ 6.722547155482142, 50.347587805260424 ], [ 6.720744409442982, 50.347068998424021 ], [ 6.719931798158281, 50.34684403933904 ], [ 6.718865880969972, 50.346646504762347 ], [ 6.718074835147744, 50.346477424004625 ], [ 6.71729297753915, 50.346194221683412 ], [ 6.71651801631259, 50.345825425388973 ], [ 6.715733882423074, 50.345570740813443 ], [ 6.714998934048324, 50.345260463257844 ], [ 6.714696357192094, 50.345104857786815 ], [ 6.714226305026584, 50.344863122376132 ], [ 6.713628435137001, 50.344666685185423 ], [ 6.713355332751271, 50.344576952027289 ], [ 6.712573535129233, 50.344293717638166 ], [ 6.711606521478338, 50.344090180702963 ], [ 6.711301700285612, 50.344050554982019 ], [ 6.710721782371163, 50.343975165222773 ], [ 6.710097637318222, 50.343954562070643 ], [ 6.709762885904186, 50.343935233463981 ], [ 6.708940812638713, 50.343887760990256 ], [ 6.708183892171736, 50.343646756078208 ], [ 6.707938447879497, 50.343568604685814 ], [ 6.706940698941385, 50.343192380619364 ], [ 6.706372236960873, 50.34294034206534 ], [ 6.706034430596199, 50.342790565657616 ], [ 6.705318011471217, 50.342251993190906 ], [ 6.704653097389655, 50.341629303202794 ], [ 6.703814493383971, 50.340943653850267 ], [ 6.703290263269334, 50.340239791669937 ], [ 6.703033513887961, 50.339544773668763 ], [ 6.702593855824316, 50.338900915288981 ], [ 6.701891362961622, 50.33819114707935 ], [ 6.699244644164796, 50.336097400717719 ], [ 6.697976677817361, 50.338199675599306 ], [ 6.696350698023157, 50.340381924215414 ], [ 6.695662527932568, 50.343362683976373 ], [ 6.696320424099295, 50.344071013510927 ], [ 6.696610868220475, 50.34545369378953 ], [ 6.696356363440908, 50.346389238996679 ], [ 6.691470712956352, 50.350219000618175 ], [ 6.690494631666069, 50.35138721667208 ], [ 6.688445430876406, 50.353839574334266 ], [ 6.686767538481568, 50.358378768426718 ], [ 6.685663453611136, 50.359315139886426 ], [ 6.6833544588371, 50.361505821010098 ], [ 6.681803994421042, 50.362961925074472 ], [ 6.680694509031712, 50.362402473038834 ], [ 6.677126642617816, 50.364961370719556 ], [ 6.674965891273491, 50.36698988659888 ], [ 6.673766270784896, 50.366892717410735 ], [ 6.672385391385327, 50.369020755566488 ], [ 6.669989230191035, 50.36988487643525 ], [ 6.668677668360524, 50.371417379632611 ], [ 6.667350810980159, 50.371967758143619 ], [ 6.666052779347838, 50.371473952538111 ], [ 6.664377650219684, 50.37094051036329 ], [ 6.663127176178701, 50.370727560929581 ], [ 6.66181968104668, 50.370350516028303 ], [ 6.659601787304386, 50.369564608328446 ], [ 6.659290420869251, 50.36941004042886 ], [ 6.65803092722628, 50.368791290502628 ], [ 6.656576095045309, 50.367805596625693 ], [ 6.656014744762044, 50.36743542776523 ], [ 6.656613799889172, 50.358733976597108 ], [ 6.657531020042682, 50.356989740244636 ], [ 6.654966537385696, 50.353218882167084 ], [ 6.652266136932276, 50.352317535683945 ], [ 6.654226468038644, 50.351076788888442 ], [ 6.65161989341785, 50.349719063920936 ], [ 6.649958651952765, 50.348167734069314 ], [ 6.644583324421404, 50.347266557077084 ], [ 6.64096131169435, 50.347307042431886 ], [ 6.63790446661259, 50.345267116085651 ], [ 6.636206238177256, 50.345372150435168 ], [ 6.632590468612697, 50.348778667266139 ], [ 6.631431313345654, 50.348196087219272 ], [ 6.628873405456764, 50.350484226243637 ], [ 6.6298401484611, 50.351231985707592 ], [ 6.628617526564334, 50.351419621400325 ], [ 6.627606076412245, 50.35175740049047 ], [ 6.626782362078472, 50.351987076579903 ], [ 6.626259782878, 50.352100790746697 ], [ 6.62545991692616, 50.352073801479264 ], [ 6.623559011455441, 50.351626979150652 ], [ 6.623043258015716, 50.352424718537463 ], [ 6.622245134992187, 50.353659156167701 ], [ 6.62325092864639, 50.354440951845582 ], [ 6.621548975779051, 50.356122412022721 ], [ 6.622040752327756, 50.356937001390499 ], [ 6.623209296361217, 50.358872477782917 ], [ 6.621806715904357, 50.359996421831717 ], [ 6.622911265596865, 50.360752451031487 ], [ 6.625033081997596, 50.36220467043448 ], [ 6.624466343400396, 50.363265847365497 ], [ 6.625517862805885, 50.36353018186874 ], [ 6.625942372247816, 50.365617033342076 ], [ 6.626301590467109, 50.367491291066585 ], [ 6.626050803826973, 50.368666446292501 ], [ 6.625475002863237, 50.371707127811042 ], [ 6.627430003971226, 50.371917216466571 ], [ 6.625353920093183, 50.37488358084665 ], [ 6.622961123338162, 50.374497169587386 ], [ 6.62147481792145, 50.374257118959896 ], [ 6.618011366631358, 50.375933128180066 ], [ 6.616273171407395, 50.377018655405109 ], [ 6.613386445969625, 50.376568834952948 ], [ 6.609542345000047, 50.375969706792219 ], [ 6.6040880706528, 50.375119375440235 ], [ 6.603091502243619, 50.376243987345916 ], [ 6.601196695061666, 50.378382073040868 ], [ 6.606759411658297, 50.380967426924279 ], [ 6.605723647838469, 50.383013081065727 ], [ 6.604717448974504, 50.385000160884097 ], [ 6.603085713320802, 50.388222204338405 ], [ 6.597611751687483, 50.385747830770896 ], [ 6.595547192790556, 50.385236549054966 ], [ 6.592129984924183, 50.384390182206936 ], [ 6.588828012774089, 50.38393543357342 ], [ 6.585170619993383, 50.382504376848438 ], [ 6.583500107790796, 50.380906680376697 ], [ 6.582039722450718, 50.378649359843237 ], [ 6.581850140701659, 50.377543636482955 ], [ 6.579563352191338, 50.377087182639499 ], [ 6.57518263875435, 50.376396972128497 ], [ 6.569188709038974, 50.376633530356386 ], [ 6.56679411375401, 50.37410073492628 ], [ 6.566520596989212, 50.372487516988535 ], [ 6.565585094889946, 50.371915669340908 ], [ 6.564162689229905, 50.371986138306767 ], [ 6.561900072244023, 50.371264629752901 ], [ 6.560859144403443, 50.370342080989339 ], [ 6.559015792205071, 50.369409995415488 ], [ 6.556115907121832, 50.368845369751334 ], [ 6.552667340843789, 50.36817379949791 ], [ 6.543177865484041, 50.366244067799293 ], [ 6.542698555401179, 50.367686590927164 ], [ 6.544690467842369, 50.370052882504055 ], [ 6.542182705385278, 50.371056772151 ], [ 6.53902992964903, 50.371020173171409 ], [ 6.536967012747494, 50.369921804534904 ], [ 6.534766471611844, 50.369620588612307 ], [ 6.533053819739802, 50.369381235191703 ], [ 6.532801018362899, 50.370039289468764 ], [ 6.530450523965821, 50.369345353005414 ], [ 6.529534436486006, 50.368623407966673 ], [ 6.525524055948601, 50.365462581102257 ], [ 6.52290219806425, 50.363984168097531 ], [ 6.521050234974624, 50.363063999702874 ], [ 6.516616695092326, 50.362189438778302 ], [ 6.517867362052892, 50.361061421938757 ], [ 6.51485699532661, 50.359353077585126 ], [ 6.515415147210271, 50.358750706683438 ], [ 6.515880738858051, 50.357910843089016 ], [ 6.516404467927384, 50.355387989966793 ], [ 6.515217199345819, 50.356114632887142 ], [ 6.513316524407541, 50.357587562641477 ], [ 6.507121785961213, 50.359877310318211 ], [ 6.5042123672947, 50.357649554725498 ], [ 6.503882740323705, 50.356556786438112 ], [ 6.503494665362201, 50.355489014774385 ], [ 6.503409430962593, 50.354503869747745 ], [ 6.503605044840098, 50.353528500731613 ], [ 6.504106810791724, 50.352762025241134 ], [ 6.504789402542103, 50.352353261962477 ], [ 6.502283359397306, 50.3511847300556 ], [ 6.494849730985634, 50.348348532967961 ], [ 6.493724027186045, 50.347852917034494 ], [ 6.493169804251754, 50.347608899776439 ], [ 6.49178228909782, 50.34699797240043 ], [ 6.491375690271213, 50.346290431525055 ], [ 6.491283672765111, 50.346130303597157 ], [ 6.49082585660017, 50.345333603049134 ], [ 6.488678416303268, 50.344096176067595 ], [ 6.486945586064376, 50.343116495775845 ], [ 6.487948767799054, 50.340601478216293 ], [ 6.484126515154164, 50.339359466315358 ], [ 6.484743817234504, 50.338561069214158 ], [ 6.482829884331532, 50.338385965460915 ], [ 6.475221217364867, 50.338452810848665 ], [ 6.471948512098121, 50.339347233095339 ], [ 6.471447495290863, 50.340428992365148 ], [ 6.470259700467039, 50.341802026767844 ], [ 6.468046332477734, 50.34249023703304 ], [ 6.465982055581485, 50.342588917368268 ], [ 6.464399398454852, 50.342326030264026 ], [ 6.460720092242114, 50.339980011190171 ], [ 6.459059732397233, 50.33892120935824 ], [ 6.453029001043193, 50.336356815959803 ], [ 6.451615287023218, 50.336424101335133 ], [ 6.450853769729205, 50.336928894381927 ], [ 6.449590632628296, 50.338353141598837 ], [ 6.452032344642777, 50.339592711616255 ], [ 6.453729877473688, 50.341463806014573 ], [ 6.458667809524026, 50.343971647788102 ], [ 6.45709858552929, 50.347809189675878 ], [ 6.457152474090339, 50.351766967274557 ], [ 6.459551458134269, 50.355807295641753 ], [ 6.461162140841463, 50.359026859510955 ], [ 6.458919343033616, 50.362011726364493 ], [ 6.457372412843813, 50.3623087105831 ], [ 6.456069506891117, 50.362388990227764 ], [ 6.454337287409302, 50.362219841042972 ], [ 6.454216125897165, 50.362572198221564 ], [ 6.453847106933966, 50.363004562262333 ], [ 6.452215392172597, 50.362649688570386 ], [ 6.451504802895763, 50.362711840210821 ], [ 6.450826761948685, 50.362907110997376 ], [ 6.450349464213964, 50.363214681847914 ], [ 6.449474166459741, 50.363784651568608 ], [ 6.449051332033168, 50.364365789769124 ], [ 6.448202326449919, 50.366863104676597 ], [ 6.448060352177612, 50.367644886768119 ], [ 6.448023713991389, 50.368501911732821 ], [ 6.448263626043329, 50.36917795554934 ], [ 6.448517893931577, 50.36968761157631 ], [ 6.448791130797776, 50.370341629255492 ], [ 6.448561199148076, 50.371338359649179 ], [ 6.446624049930332, 50.371616847622406 ], [ 6.442917168192679, 50.371700911549986 ], [ 6.439178225820569, 50.371482943497227 ], [ 6.435386960759106, 50.370318842545998 ], [ 6.436458735510062, 50.369085927204836 ], [ 6.434054306103958, 50.368379048784391 ], [ 6.432352008435342, 50.366885972094863 ], [ 6.433154165894178, 50.364292096487937 ], [ 6.431683362011162, 50.364194942277202 ], [ 6.430023535302735, 50.363189938894109 ], [ 6.427542877607101, 50.365967591894957 ], [ 6.426509893635953, 50.366669884444647 ], [ 6.423487222488408, 50.368707330006977 ], [ 6.420877816156065, 50.368903041095336 ], [ 6.420842848488207, 50.373200225605054 ], [ 6.419983629014141, 50.373358945784567 ], [ 6.418307314742084, 50.373677864509261 ], [ 6.417045381015868, 50.373930388149134 ], [ 6.416428066046993, 50.374061636033986 ], [ 6.41622593479216, 50.374117529267984 ], [ 6.415822451910877, 50.374220331031765 ], [ 6.414850020224723, 50.374546205382238 ], [ 6.416309634882269, 50.376347596777727 ], [ 6.41690553520171, 50.37699830626984 ], [ 6.419724016499746, 50.379145948574561 ], [ 6.419921756529424, 50.380471059952264 ], [ 6.421696130961539, 50.380648513982628 ], [ 6.422030762047957, 50.38194789662559 ], [ 6.421341843336774, 50.382667329240853 ], [ 6.418243991761563, 50.382786191434676 ], [ 6.416595850879061, 50.384244017738631 ], [ 6.415507756255627, 50.385435624055766 ], [ 6.415408526528282, 50.386576548630806 ], [ 6.413042933633554, 50.389485960627027 ], [ 6.394856663063154, 50.385971926936648 ], [ 6.393275300639356, 50.385681108896641 ], [ 6.385005839338181, 50.384186657763664 ], [ 6.386842919388284, 50.382522216560638 ], [ 6.388231547539649, 50.38131030322986 ], [ 6.389749384325005, 50.380553578900177 ], [ 6.390603434100996, 50.380295763826169 ], [ 6.391868917981466, 50.379845391323009 ], [ 6.389342553254141, 50.377150660913266 ], [ 6.389503098365272, 50.372578517060667 ], [ 6.389003440998727, 50.371686508832617 ], [ 6.39249154344984, 50.370630794724207 ], [ 6.394800814802029, 50.367261937411151 ], [ 6.397299928059244, 50.36768467328519 ], [ 6.397987314337492, 50.366105175914747 ], [ 6.394829635146102, 50.364352236865052 ], [ 6.394251979931975, 50.363385371619806 ], [ 6.395452201064042, 50.361418704909667 ], [ 6.40597728316234, 50.363822030753767 ], [ 6.402162284843361, 50.360558963784726 ], [ 6.399460767548303, 50.35987677140384 ], [ 6.397181221202209, 50.357911931425399 ], [ 6.399909765579014, 50.355989627255006 ], [ 6.401408958304655, 50.354183403875027 ], [ 6.404342858940257, 50.350895355325832 ], [ 6.404667036354575, 50.350580175149894 ], [ 6.403924208275447, 50.350124500749743 ], [ 6.403267068417335, 50.346548456685461 ], [ 6.403676953479532, 50.345446686836141 ], [ 6.404646132513292, 50.343859204815217 ], [ 6.406169807032733, 50.341767405580754 ], [ 6.407388336614682, 50.340094381061519 ], [ 6.407908814352882, 50.339379731127345 ], [ 6.410523309758361, 50.336841582569036 ], [ 6.414994991027645, 50.332660538821479 ], [ 6.416418268473972, 50.332843664492238 ], [ 6.418167097751445, 50.333536376240353 ], [ 6.424061862496587, 50.333826803509893 ], [ 6.424064128163338, 50.332887643225114 ], [ 6.423494667957049, 50.33223797350459 ], [ 6.422437495581587, 50.331615389414026 ], [ 6.422230027445699, 50.330598747393658 ], [ 6.422870038382849, 50.329062528101417 ], [ 6.423671218006072, 50.327988399479104 ], [ 6.425156313241963, 50.326839485995762 ], [ 6.424289514809399, 50.326162524630696 ], [ 6.424033614594548, 50.324989919731593 ], [ 6.424983105489173, 50.324010149228016 ], [ 6.425294811316674, 50.323011952582206 ], [ 6.420452721141849, 50.323336732609796 ], [ 6.415182104640566, 50.324544747568169 ], [ 6.41291169879367, 50.323716872708054 ], [ 6.40956868847763, 50.323101808997734 ], [ 6.406895277915386, 50.32352850758582 ], [ 6.405028254909675, 50.323308692130645 ], [ 6.40749537674554, 50.3336156892017 ], [ 6.407870067601115, 50.335133961020155 ], [ 6.40749485087196, 50.335724347741909 ], [ 6.407082991228961, 50.336250346678341 ], [ 6.406123709998561, 50.336756818461872 ], [ 6.401296405465206, 50.337701943520251 ], [ 6.401166161214026, 50.337742349478532 ], [ 6.400812836576569, 50.33791897156582 ], [ 6.40052890864128, 50.338107082979612 ], [ 6.400294073918725, 50.338378050896459 ], [ 6.400223041796359, 50.338546731910441 ], [ 6.400028603218678, 50.341099051037475 ], [ 6.39990780202112, 50.342806920545875 ], [ 6.399239423584229, 50.344657436284649 ], [ 6.398765751974755, 50.345244284178754 ], [ 6.398321002243592, 50.345660945296615 ], [ 6.398007371957728, 50.345866014302899 ], [ 6.397469825694285, 50.346216275830756 ], [ 6.390216203040166, 50.350093112239492 ], [ 6.387054413899106, 50.351782194228655 ], [ 6.38614066907245, 50.351118644014576 ], [ 6.38467993940115, 50.351732218466104 ], [ 6.384150218547112, 50.35293973588815 ], [ 6.384428559898703, 50.353232824115054 ], [ 6.382759961548759, 50.354178547571451 ], [ 6.380957059329733, 50.353374922946585 ], [ 6.379898069871013, 50.353886635087534 ], [ 6.379329476946423, 50.353785121678918 ], [ 6.378543015661741, 50.354560524994852 ], [ 6.377062903055235, 50.356019744047771 ], [ 6.376314706271137, 50.35523589309318 ], [ 6.374331760300552, 50.357606819552927 ], [ 6.373785943916492, 50.357382419181079 ], [ 6.373611195556163, 50.357310574362216 ], [ 6.373570244185974, 50.35746300963342 ], [ 6.373380999796427, 50.358167423406606 ], [ 6.371916498547972, 50.358322047415257 ], [ 6.371246048388438, 50.358236655234947 ], [ 6.370634872866803, 50.358158808729151 ], [ 6.370166726537782, 50.358595899943943 ], [ 6.369974999205499, 50.35877490627437 ], [ 6.368249910786615, 50.358172752133932 ], [ 6.368075244970136, 50.358111781526112 ], [ 6.367139052507174, 50.358826060586658 ], [ 6.367305032601516, 50.358994695842838 ], [ 6.367474435468701, 50.359166808178138 ], [ 6.367552857259278, 50.359246482760568 ], [ 6.368559270388452, 50.359976603228525 ], [ 6.368756926193973, 50.360452324806609 ], [ 6.369023125864834, 50.360718407492342 ], [ 6.369430297847441, 50.361125394482301 ], [ 6.367072495831665, 50.363266451663286 ], [ 6.366741720493435, 50.3646243306505 ], [ 6.363511276753289, 50.367801154254671 ], [ 6.36332814676498, 50.368511647648432 ], [ 6.360603493703532, 50.371450443384205 ], [ 6.35629170965699, 50.373367673310177 ], [ 6.354392818960333, 50.373488396687648 ], [ 6.35253219559273, 50.374133158071068 ], [ 6.350845574932894, 50.375838564785326 ], [ 6.348967390688627, 50.377137587168377 ], [ 6.347873640584718, 50.377894018733834 ], [ 6.346853752682677, 50.378271693558787 ], [ 6.342218728185011, 50.380005525503343 ], [ 6.345405827341682, 50.383839294402485 ], [ 6.346575269167233, 50.385245841390599 ], [ 6.347822356312257, 50.38596681367823 ], [ 6.351471125183606, 50.388057960047163 ], [ 6.356851874775614, 50.39114117229677 ], [ 6.357584330762578, 50.395781636522663 ], [ 6.360064953302301, 50.398187071575201 ], [ 6.365179480816768, 50.40142620886818 ], [ 6.367478216807628, 50.405104586500855 ], [ 6.368621041093, 50.406927403525174 ], [ 6.369538598919423, 50.4083908070739 ], [ 6.369877124532785, 50.408930693623851 ], [ 6.370000420010588, 50.409773216492688 ], [ 6.366705781220497, 50.419162209539962 ], [ 6.366918948928813, 50.419944885953697 ], [ 6.369766687552059, 50.423327507020637 ], [ 6.373917313451892, 50.428261763039757 ], [ 6.374061125356603, 50.429834964467979 ], [ 6.375667131834442, 50.431145206733191 ], [ 6.376027612913266, 50.431698838118898 ], [ 6.377158866253456, 50.437128405268822 ], [ 6.37762339730667, 50.439388972780975 ], [ 6.376629756849197, 50.439776904902047 ], [ 6.377483946306851, 50.440654625904763 ], [ 6.376251765844391, 50.445641763400189 ], [ 6.375424674275574, 50.448988740876324 ], [ 6.374873030808812, 50.451248929834669 ], [ 6.37443039700654, 50.452269407344161 ], [ 6.374047631194448, 50.452755955754199 ], [ 6.372648948498939, 50.454533777463524 ], [ 6.371823937044838, 50.455582353755865 ], [ 6.366282338662251, 50.45455429936986 ], [ 6.362852777295743, 50.453908340061652 ], [ 6.360932207390452, 50.454397994179125 ], [ 6.360291676287551, 50.454618268120825 ], [ 6.359878654848341, 50.454819690367806 ], [ 6.357085690634526, 50.456395357289779 ], [ 6.356650846894582, 50.456523888347867 ], [ 6.35627409210039, 50.456474272617818 ], [ 6.355682516206981, 50.456299763576446 ], [ 6.355042378135745, 50.45619559683621 ], [ 6.353910314871722, 50.456226902435333 ], [ 6.353400568158125, 50.45624457962721 ], [ 6.352854733464681, 50.456351072683937 ], [ 6.351780306882473, 50.456528625395265 ], [ 6.350945882251847, 50.456705811536878 ], [ 6.350137209329909, 50.456910956412479 ], [ 6.349810938954475, 50.457088438060417 ], [ 6.349482214316419, 50.457398765076832 ], [ 6.348288207737285, 50.458502444757357 ], [ 6.347868187898052, 50.458622467208727 ], [ 6.347440458362983, 50.458670114534797 ], [ 6.346258952162673, 50.458780670268993 ], [ 6.345609791722398, 50.458937472132725 ], [ 6.344676023088887, 50.459597673469709 ], [ 6.343811272985514, 50.460593803538053 ], [ 6.343190495357433, 50.46106703673221 ], [ 6.342466946526834, 50.461266194888395 ], [ 6.340463796809578, 50.462203141540606 ], [ 6.340231706507246, 50.462591278702284 ], [ 6.340254000798378, 50.462817384138752 ], [ 6.340720773168534, 50.463762490550756 ], [ 6.341046840342958, 50.464224874546119 ], [ 6.341502765113782, 50.464655902315535 ], [ 6.341789543841002, 50.465243031526072 ], [ 6.342085360172233, 50.465569139240749 ], [ 6.342500678267674, 50.465980671154405 ], [ 6.34272879037418, 50.466592713723934 ], [ 6.343194319891349, 50.467393570838986 ], [ 6.343719885879995, 50.468313749247365 ], [ 6.343836481686667, 50.468750534049875 ], [ 6.343530290458843, 50.469018846568552 ], [ 6.34311654417259, 50.46954462048749 ], [ 6.343191970679954, 50.469808691755361 ], [ 6.343159574227935, 50.470014796766115 ], [ 6.342906750062689, 50.47015886812089 ], [ 6.342662423096937, 50.470366329686968 ], [ 6.342137643639583, 50.470870066091756 ], [ 6.341851611858759, 50.471229223046052 ], [ 6.34167260426802, 50.471655330183928 ], [ 6.34140250302962, 50.471834822402073 ], [ 6.341219246475536, 50.471990416243877 ], [ 6.340888326061193, 50.472059565968586 ], [ 6.340434706379159, 50.472079220442652 ], [ 6.339716034545839, 50.472062256540596 ], [ 6.33909908446068, 50.472012917743044 ], [ 6.338639084690532, 50.472104430458195 ], [ 6.33818809359875, 50.472412555114666 ], [ 6.337926186393474, 50.472817636127353 ], [ 6.337877812009492, 50.473203402801573 ], [ 6.337938857537441, 50.473629174357121 ], [ 6.337886494163538, 50.474059856831431 ], [ 6.337497885188877, 50.474460355527221 ], [ 6.337486434309912, 50.474748325528367 ], [ 6.337626919712799, 50.474915622118054 ], [ 6.338005117347678, 50.475109538422878 ], [ 6.338261411408515, 50.475244973706197 ], [ 6.339445504383932, 50.47613461222479 ], [ 6.340353230876626, 50.476816579289782 ], [ 6.341124544089678, 50.477673552703543 ], [ 6.341290546014186, 50.478031017541014 ], [ 6.341329849528737, 50.478383904697296 ], [ 6.341316029989043, 50.478698824671753 ], [ 6.341190370519214, 50.47947832696871 ], [ 6.340971694380942, 50.48162428989405 ], [ 6.340911633477505, 50.482460234330553 ], [ 6.341007254678016, 50.482815156304 ], [ 6.341174340960892, 50.483001432288667 ], [ 6.341451671784998, 50.483218726423971 ], [ 6.341621681317345, 50.483531274943289 ], [ 6.341917082068544, 50.483704160610742 ], [ 6.343712637126637, 50.484480945927707 ], [ 6.344254318337319, 50.484743823948648 ], [ 6.344595700753882, 50.485035517429182 ], [ 6.345619331630541, 50.485757369094799 ], [ 6.345779242629844, 50.485864352669012 ], [ 6.34645940465949, 50.486319385282691 ], [ 6.346990227621299, 50.48644602129793 ], [ 6.34748304046305, 50.486563585799303 ], [ 6.348113779334062, 50.486937799424979 ], [ 6.348620678297586, 50.486956078547841 ], [ 6.349657383667364, 50.487371956673897 ], [ 6.349828018535048, 50.487837715857403 ], [ 6.350032866233336, 50.487917195250816 ], [ 6.350692516551889, 50.487805791980911 ], [ 6.351171824261698, 50.487976267658802 ], [ 6.351259020699763, 50.488267791015708 ], [ 6.350668179241645, 50.488399701411851 ], [ 6.350200085959643, 50.488581092844264 ], [ 6.349715761438919, 50.488626718549774 ], [ 6.348511221799879, 50.488988828347765 ], [ 6.347877077278114, 50.489290390429105 ], [ 6.347018372835412, 50.489097204647663 ], [ 6.345222429975112, 50.489247562744168 ], [ 6.342030604243174, 50.489467443899841 ], [ 6.340989785804528, 50.489537465068587 ], [ 6.339320227048629, 50.489567263546256 ], [ 6.338589878684003, 50.489360628282547 ], [ 6.337251142156485, 50.489005824888338 ], [ 6.336531413984248, 50.488997824268054 ], [ 6.335546252725593, 50.489115398885318 ], [ 6.334818830099597, 50.489035013086315 ], [ 6.334230750103499, 50.489770747275706 ], [ 6.3332044360245, 50.490986282495214 ], [ 6.333030365839694, 50.491196271818289 ], [ 6.332999710221389, 50.491699836660715 ], [ 6.332804364262371, 50.491990164175022 ], [ 6.332285130956705, 50.492268768295887 ], [ 6.331314962716611, 50.492693262134729 ], [ 6.330584787202286, 50.492802004905919 ], [ 6.329568968211522, 50.492945457930347 ], [ 6.328457139218814, 50.493373810243042 ], [ 6.326279354211361, 50.49355624105403 ], [ 6.323773655948404, 50.493771799076349 ], [ 6.322870453862135, 50.493919279083038 ], [ 6.322530263180677, 50.494335852785412 ], [ 6.322362950684905, 50.494540727386742 ], [ 6.322109594566883, 50.494846959178901 ], [ 6.321454196644732, 50.494801036423596 ], [ 6.320775754104568, 50.494753494849554 ], [ 6.316990130081709, 50.496298729941067 ], [ 6.316538267127129, 50.496483158454154 ], [ 6.315555834443437, 50.497042264950657 ], [ 6.315280763980159, 50.497198804800064 ], [ 6.314201229754943, 50.497813140498536 ], [ 6.314179714768354, 50.498138802822673 ], [ 6.314121044482792, 50.499026869382341 ], [ 6.309075385451091, 50.501411831452501 ], [ 6.308940176867623, 50.50136790787797 ], [ 6.30567012042625, 50.500305524537715 ], [ 6.297503912936862, 50.497612334128824 ], [ 6.296626196594529, 50.497895052855796 ], [ 6.285005317046748, 50.498965202387666 ], [ 6.281514664335544, 50.503208397426043 ], [ 6.27820995241414, 50.503186435050296 ], [ 6.274785031600573, 50.502303784631366 ], [ 6.269941266301298, 50.504511769976432 ], [ 6.268372012965486, 50.503464528103898 ], [ 6.267740264478035, 50.503214779570762 ], [ 6.267116039388787, 50.502881844440893 ], [ 6.266131691585139, 50.502189905032161 ], [ 6.265617838921329, 50.501670253418389 ], [ 6.26486822922813, 50.501070391252966 ], [ 6.263555745278215, 50.500080210169052 ], [ 6.262849899319765, 50.499410406931219 ], [ 6.26227269698624, 50.498971866703982 ], [ 6.261816599245257, 50.498847775035195 ], [ 6.261168819536849, 50.498776240116086 ], [ 6.260152348195946, 50.499060737346234 ], [ 6.259048088274827, 50.499282377586631 ], [ 6.258465147686963, 50.499320521777669 ], [ 6.257894042889845, 50.4992279472403 ], [ 6.256162441592502, 50.499152221596326 ], [ 6.255246296588898, 50.499154222813715 ], [ 6.254605632154544, 50.499416755784075 ], [ 6.254455399300311, 50.500043132440901 ], [ 6.254440644545006, 50.500412199506577 ], [ 6.254537678553774, 50.500785387911272 ], [ 6.254652270016224, 50.5011711462056 ], [ 6.254647208944725, 50.501433263973766 ], [ 6.254144793684599, 50.501820121603942 ], [ 6.253728631014149, 50.502698997620499 ], [ 6.251731913489652, 50.503483810371606 ], [ 6.250785657909687, 50.503198517760872 ], [ 6.249439509060355, 50.502993842157046 ], [ 6.249213470725302, 50.50255239693832 ], [ 6.247976208205871, 50.502076561987536 ], [ 6.244106800575685, 50.500588292105498 ], [ 6.241369330997508, 50.498990983013435 ], [ 6.237906374343404, 50.498691619868978 ], [ 6.235803763171321, 50.498505623875936 ], [ 6.230711539751993, 50.497478751227028 ], [ 6.227630782362821, 50.494978851288899 ], [ 6.227065349471935, 50.495182130899224 ], [ 6.22663171987586, 50.49436866195672 ], [ 6.224615342795764, 50.494950583029713 ], [ 6.220042725091359, 50.498723027724914 ], [ 6.222238134173404, 50.499904171209756 ], [ 6.222586669318846, 50.500575054212021 ], [ 6.22255852235586, 50.501502329400459 ], [ 6.220273239949088, 50.503778785093161 ], [ 6.21989510074107, 50.505287902268179 ], [ 6.217997589611162, 50.505947407757191 ], [ 6.216787603946269, 50.506506275405691 ], [ 6.215896505105627, 50.508059396861945 ], [ 6.214890252592753, 50.509762404731134 ], [ 6.213387896258095, 50.511876545813607 ], [ 6.213194899576624, 50.513024118343154 ], [ 6.21194620930695, 50.513076781282912 ], [ 6.210209988311837, 50.513133523292069 ], [ 6.209111695843041, 50.514701705285738 ], [ 6.212582606956477, 50.515566654002612 ], [ 6.211324559124879, 50.516235223796663 ], [ 6.210163752147833, 50.516454314229698 ], [ 6.20894823856139, 50.516862129397865 ], [ 6.208093471931891, 50.517414531701853 ], [ 6.207151535201253, 50.518917550771299 ], [ 6.20690492279376, 50.520270592515367 ], [ 6.207297484672179, 50.521231579348779 ], [ 6.20776699493527, 50.522032844116609 ], [ 6.207800419017246, 50.522692617608776 ], [ 6.207685257648692, 50.523436655772741 ], [ 6.207160032584293, 50.524272830876029 ], [ 6.206301728577762, 50.525211023854496 ], [ 6.205187381544933, 50.526097419558155 ], [ 6.204350776302707, 50.52651522889672 ], [ 6.203236106589062, 50.526892730421366 ], [ 6.201166284372672, 50.527444121913668 ], [ 6.200293778405039, 50.527740832474102 ], [ 6.199459840456549, 50.528128775556461 ], [ 6.19879938332821, 50.528672855517023 ], [ 6.19810327378548, 50.529604735894907 ], [ 6.196995434402201, 50.531031949923332 ], [ 6.197327788636174, 50.533108340302718 ], [ 6.198168860068543, 50.534442041864679 ], [ 6.198667199565898, 50.535302229522301 ], [ 6.198835211735923, 50.535912104839817 ], [ 6.199390753314384, 50.538205590017782 ], [ 6.199524219973227, 50.538591933835086 ], [ 6.199938357805512, 50.539790694703449 ], [ 6.200030431529877, 50.539940228838169 ], [ 6.200428836536463, 50.540587260176181 ], [ 6.201340875224702, 50.54190841180003 ], [ 6.202173035129407, 50.543076909867139 ], [ 6.202779127494387, 50.543638307933783 ], [ 6.203451219821317, 50.543992629034904 ], [ 6.204310584539258, 50.544353925481303 ], [ 6.205459067768395, 50.544636187945258 ], [ 6.20655801253698, 50.544946527012506 ], [ 6.20759373939779, 50.545434099930581 ], [ 6.208158582236177, 50.545934062573387 ], [ 6.208486613195378, 50.546455139221926 ], [ 6.208870310400475, 50.547906213407316 ], [ 6.209058222571815, 50.548930934326101 ], [ 6.209339464380947, 50.549450265749513 ], [ 6.210020224154797, 50.550223930316747 ], [ 6.21066238819698, 50.550906353728884 ], [ 6.210943659648844, 50.551425681263517 ], [ 6.211095745210211, 50.552329331693329 ], [ 6.211360625159707, 50.553027646466418 ], [ 6.21185482811229, 50.553647853885572 ], [ 6.211950553599922, 50.553767983854108 ], [ 6.212515543427584, 50.554267925254564 ], [ 6.213325606633387, 50.554657245159603 ], [ 6.214601216042092, 50.55509379744349 ], [ 6.215565449589761, 50.555339165720767 ], [ 6.216686559735396, 50.555410756246879 ], [ 6.217735860766929, 50.555240205587779 ], [ 6.219140234365439, 50.554783501879449 ], [ 6.220841903769241, 50.554158220154555 ], [ 6.221943443047681, 50.553929706720936 ], [ 6.223210459573202, 50.553946783064923 ], [ 6.22483845341597, 50.554126897239762 ], [ 6.225032592846089, 50.554194876972048 ], [ 6.225794545639576, 50.554461674254448 ], [ 6.226665682173864, 50.555212353300142 ], [ 6.227294534871418, 50.556043842280793 ], [ 6.227466917660611, 50.556572301650895 ], [ 6.227551506549811, 50.556831615255589 ], [ 6.227875427157643, 50.558430050183325 ], [ 6.227990252554203, 50.560260197479188 ], [ 6.228123356969403, 50.560880821990729 ], [ 6.228550818730034, 50.561554154154344 ], [ 6.229475039585627, 50.56214206873949 ], [ 6.230870855463833, 50.562920460815867 ], [ 6.231922304159272, 50.563305434148276 ], [ 6.233617239181217, 50.563783417314006 ], [ 6.234554742246201, 50.56423263442619 ], [ 6.235027495341107, 50.564459154380202 ], [ 6.235972821372989, 50.565358557160664 ], [ 6.236760623776083, 50.566252806034612 ], [ 6.236816587130442, 50.566676558337242 ], [ 6.236889217710283, 50.567226495763727 ], [ 6.236964384141662, 50.568786492087952 ], [ 6.237227885921643, 50.570664893706841 ], [ 6.237510265436196, 50.572336362683693 ], [ 6.23788066565483, 50.573042147944726 ], [ 6.238614475778904, 50.573934382906074 ], [ 6.239402472921434, 50.574828613861683 ], [ 6.239988446245418, 50.575710145949316 ], [ 6.240447124304683, 50.577081902799321 ], [ 6.240696715838208, 50.577921633686309 ], [ 6.240732799945292, 50.578718874878881 ], [ 6.240498822778917, 50.580094425128181 ], [ 6.240305671851267, 50.581021621590814 ], [ 6.240173724323528, 50.582470149153615 ], [ 6.240380120151613, 50.584381031908379 ], [ 6.241159201071209, 50.587100378334867 ], [ 6.24285872021117, 50.590047165999799 ], [ 6.243618265932835, 50.591345978441566 ], [ 6.245938575142536, 50.594009176599606 ], [ 6.249604569474159, 50.598227005651736 ], [ 6.247516799179179, 50.602809634596873 ], [ 6.24760950631044, 50.603191582392981 ], [ 6.247746048909967, 50.603708961568756 ], [ 6.248179736912571, 50.604240034922867 ], [ 6.248500740832712, 50.60460335402243 ], [ 6.249309237971024, 50.60505672874524 ], [ 6.249856097788794, 50.605428361561906 ], [ 6.254843654195149, 50.607117026390135 ], [ 6.256548562667758, 50.608016651682767 ], [ 6.25996616043691, 50.609819828493492 ], [ 6.261715493809749, 50.611614486889621 ], [ 6.267534269050913, 50.617586989967997 ], [ 6.269076977790689, 50.619166652731415 ], [ 6.269200934345545, 50.621584575998313 ], [ 6.26939964893954, 50.625460195567847 ], [ 6.269748911343941, 50.625671267024266 ], [ 6.273264341809496, 50.627775631246493 ], [ 6.273982672797862, 50.628205592709186 ], [ 6.274018801301501, 50.630469046270761 ], [ 6.27391392917539, 50.630614993008052 ], [ 6.273078569922172, 50.631777493855147 ], [ 6.272509467556824, 50.632585810419158 ], [ 6.2721035345381, 50.633156761444553 ], [ 6.271628739390388, 50.633824549239726 ], [ 6.270966869351907, 50.634755416724623 ], [ 6.268931808021859, 50.637700838089167 ], [ 6.268063771140109, 50.638957055297737 ], [ 6.266895404224547, 50.641527871906348 ], [ 6.265598047865733, 50.642706022670289 ], [ 6.264304014217314, 50.643296885186338 ], [ 6.263359563331875, 50.643638099646253 ], [ 6.262099932377662, 50.643899407015198 ], [ 6.261353217126053, 50.643837840243442 ], [ 6.259973090822835, 50.64365051510952 ], [ 6.258284006787731, 50.643315152994553 ], [ 6.255970838063803, 50.642751826022057 ], [ 6.254076879009077, 50.642306367321282 ], [ 6.250906937461134, 50.641711437234996 ], [ 6.248384504432439, 50.641379724506905 ], [ 6.247494953327048, 50.641415024489184 ], [ 6.246411464687568, 50.64151180365581 ], [ 6.245309359102194, 50.641812899350654 ], [ 6.244191722042713, 50.64228425727687 ], [ 6.242303332846374, 50.643547250716495 ], [ 6.241390535968273, 50.64412864049784 ], [ 6.24027591023516, 50.644565906086278 ], [ 6.239488825344596, 50.644946905098138 ], [ 6.238610879850738, 50.64573457583375 ], [ 6.236889807803951, 50.647516198292237 ], [ 6.235590192652218, 50.648800822539286 ], [ 6.234406284743184, 50.649406325901474 ], [ 6.232963865805009, 50.649899762473254 ], [ 6.231505208138706, 50.649982551358079 ], [ 6.229898311441783, 50.649923166547033 ], [ 6.228729268655409, 50.64977744200371 ], [ 6.22716600758544, 50.649241262163706 ], [ 6.226456651840993, 50.648770820883627 ], [ 6.225766012245108, 50.64809605268708 ], [ 6.225229273032503, 50.646914433836358 ], [ 6.224856353071143, 50.645704706073772 ], [ 6.224823496521732, 50.644302546646728 ], [ 6.224700236859838, 50.643887952387708 ], [ 6.22432167362166, 50.643327229978603 ], [ 6.223776217504417, 50.64282866629793 ], [ 6.2226099572895, 50.642067925036827 ], [ 6.221576316370117, 50.641619608746062 ], [ 6.219733164360197, 50.641209625292539 ], [ 6.219501725843595, 50.641187853510758 ], [ 6.21733578623061, 50.640984079021941 ], [ 6.210704709278144, 50.640635502591394 ], [ 6.208491283080913, 50.640685258412326 ], [ 6.202681690560426, 50.640815650020265 ], [ 6.20083586371953, 50.641020318825234 ], [ 6.199141267547402, 50.641333099681546 ], [ 6.198098686416716, 50.641567632708217 ], [ 6.19686071174161, 50.641589857087297 ], [ 6.195635289910189, 50.641475855224577 ], [ 6.193385939417164, 50.640811113376692 ], [ 6.19115564509008, 50.640522908171548 ], [ 6.189851573396898, 50.640679272181494 ], [ 6.188270306275715, 50.640927784316567 ], [ 6.187662378143547, 50.641110109468862 ], [ 6.186811936381509, 50.641590909502661 ], [ 6.186285936865966, 50.642049651147715 ], [ 6.185221389123297, 50.643684239102818 ], [ 6.18446212278659, 50.645757995618226 ], [ 6.183974263617213, 50.647111569522941 ], [ 6.184481582156708, 50.647707524342422 ], [ 6.185795896823354, 50.649171341123726 ], [ 6.186429871543507, 50.649843126351222 ], [ 6.186739439553167, 50.650171149556037 ], [ 6.195517201600957, 50.655583725473463 ], [ 6.197130958594705, 50.656737281320801 ], [ 6.197496751500781, 50.657434304906246 ], [ 6.197698704676084, 50.658159397348555 ], [ 6.197630138402291, 50.658903433855791 ], [ 6.197069267597476, 50.660322843969453 ], [ 6.19672606377563, 50.661130145007455 ], [ 6.19614971020598, 50.662133782834339 ], [ 6.195538593579108, 50.662931103423148 ], [ 6.194880161094938, 50.663658317414495 ], [ 6.193551907238907, 50.664567948382015 ], [ 6.191858136614026, 50.664946668725328 ], [ 6.190499806760622, 50.66510104251109 ], [ 6.188022600874485, 50.665145314330573 ], [ 6.186689425412862, 50.665027220018807 ], [ 6.18515138581972, 50.664798948395344 ], [ 6.183670088086513, 50.664538604702635 ], [ 6.181237012940861, 50.664105992221515 ], [ 6.179541450739238, 50.663837585843012 ], [ 6.1777324499639, 50.663633253067722 ], [ 6.175854115335697, 50.66359714968236 ], [ 6.173597593633365, 50.663581027507099 ], [ 6.171936727105742, 50.663518831446943 ], [ 6.169097192170166, 50.663412441046546 ], [ 6.166443687662204, 50.663039589312199 ], [ 6.165281061485376, 50.662789814836486 ], [ 6.164752347623246, 50.663291607336092 ], [ 6.163246695940178, 50.666218499349839 ], [ 6.162226603930179, 50.668209478323263 ], [ 6.161479596715973, 50.669667347225555 ], [ 6.161940348990932, 50.669831993267771 ], [ 6.162409791294691, 50.670035754822223 ], [ 6.162698083389655, 50.670596384120927 ], [ 6.162802751703759, 50.67084367043519 ], [ 6.162432263445188, 50.67137654692344 ], [ 6.161978678785822, 50.671640556235452 ], [ 6.161175261928356, 50.671873188287307 ], [ 6.160525027364277, 50.672002001271082 ], [ 6.159875624469342, 50.672121828679117 ], [ 6.15902249066538, 50.672297093631357 ], [ 6.158412140571188, 50.672454433135698 ], [ 6.157879907347659, 50.672686810852007 ], [ 6.157521460806647, 50.672880649554301 ], [ 6.157092264628469, 50.673225055001701 ], [ 6.156885947790906, 50.673460661571745 ], [ 6.156707822743764, 50.673850553551759 ], [ 6.156709343588648, 50.674139036632042 ], [ 6.156711624891188, 50.67457176124973 ], [ 6.156705698056409, 50.674787857973399 ], [ 6.15230195430154, 50.676533117183851 ], [ 6.148767180257216, 50.677779147447481 ], [ 6.148220506944893, 50.679534200925936 ], [ 6.146513656953404, 50.680190999445223 ], [ 6.145372727503048, 50.68131976469035 ], [ 6.144186676910249, 50.681563507368743 ], [ 6.143642577086434, 50.681662243798066 ], [ 6.143699035582452, 50.68184772573602 ], [ 6.144130922613906, 50.683266538977762 ], [ 6.142408449298419, 50.687084803317994 ], [ 6.143717005962962, 50.688873704993462 ], [ 6.142090737403294, 50.690182455390541 ], [ 6.141435154659963, 50.690409114559529 ], [ 6.140609775256676, 50.690694470354032 ], [ 6.139451523756274, 50.692156035922558 ], [ 6.139433398180216, 50.692330761845689 ], [ 6.139393887176456, 50.69271163776957 ], [ 6.139297252096468, 50.693551655114071 ], [ 6.135205807800864, 50.694929848235319 ], [ 6.133317492799955, 50.69624160583146 ], [ 6.132980813147888, 50.698978385964296 ], [ 6.131897237506823, 50.699676750896877 ], [ 6.129542350864161, 50.701792796074315 ], [ 6.125480531464731, 50.705214359332501 ], [ 6.123242555207963, 50.707099293700367 ], [ 6.123259906272894, 50.707314586295439 ], [ 6.124683029151164, 50.709066347993272 ], [ 6.124765554559143, 50.711061461087681 ], [ 6.123250939460592, 50.712705313163646 ], [ 6.121651672124373, 50.714440894133702 ], [ 6.121775510620488, 50.715238774297731 ], [ 6.121500359390329, 50.715714119520293 ], [ 6.120392245768651, 50.718105962441136 ], [ 6.119248453662963, 50.719684350188857 ], [ 6.11669908591743, 50.720827908408275 ], [ 6.115293948335416, 50.722114021309018 ], [ 6.112605193662406, 50.722922464756948 ], [ 6.110822353485941, 50.72345875636735 ], [ 6.110720832529015, 50.722878032345207 ], [ 6.107221559822593, 50.722943524570525 ], [ 6.105755397776494, 50.723026862885092 ], [ 6.100254076313327, 50.723339395770317 ], [ 6.098012976795744, 50.723166926690091 ], [ 6.096644553637836, 50.722068187739083 ], [ 6.094835725105547, 50.720229962410933 ], [ 6.091596125261734, 50.722853965402045 ], [ 6.089977544220721, 50.722251452980366 ], [ 6.087833495114356, 50.721420986891168 ], [ 6.082670884737603, 50.721423349752307 ], [ 6.07950078975056, 50.721175581542788 ], [ 6.0767874864199, 50.721079624912434 ], [ 6.073189035242813, 50.720952265315283 ], [ 6.070033580464112, 50.721732873072874 ], [ 6.06308737614612, 50.723251452823831 ], [ 6.058334078231157, 50.724227062056158 ], [ 6.050569712984207, 50.725860554725941 ], [ 6.049629830764866, 50.72606290355634 ], [ 6.048608253797628, 50.72672717510374 ], [ 6.047553188172609, 50.727151650502094 ], [ 6.046722153644152, 50.7277874644017 ], [ 6.044563166402337, 50.728360221170576 ], [ 6.041528039103803, 50.71868175391544 ], [ 6.040012196647299, 50.718497123797427 ], [ 6.039029648916898, 50.718378110792862 ], [ 6.037408482761743, 50.719442354871468 ], [ 6.03645444410396, 50.720063583423745 ], [ 6.036717995833102, 50.723688438848285 ], [ 6.037739832129876, 50.724881669356357 ], [ 6.035974376924557, 50.724463588003346 ], [ 6.033935557140605, 50.725350833956561 ], [ 6.034203599716958, 50.72577284627063 ], [ 6.033794324458677, 50.726487198535011 ], [ 6.033269015846284, 50.727209262979869 ], [ 6.034309039352419, 50.728119937849243 ], [ 6.034188506189722, 50.728985814853154 ], [ 6.034384049280718, 50.729494214087353 ], [ 6.033813861967603, 50.729758408748253 ], [ 6.033314494060135, 50.730263836125822 ], [ 6.033151439524074, 50.730984970089516 ], [ 6.033969938167039, 50.731266990094674 ], [ 6.034845115506316, 50.731741992691411 ], [ 6.03513882770373, 50.732614655425209 ], [ 6.035015405236804, 50.732742684796932 ], [ 6.034334513332669, 50.733448981219901 ], [ 6.035315469748969, 50.734180925651792 ], [ 6.037728548577488, 50.735977679673589 ], [ 6.039791287080817, 50.737560962217898 ], [ 6.040756424174607, 50.740436302177059 ], [ 6.039642532477557, 50.742123793723621 ], [ 6.039489406018112, 50.742364487288476 ], [ 6.040480906374831, 50.745512575115001 ], [ 6.03888250975761, 50.746181128178293 ], [ 6.031128886735304, 50.749253350639535 ], [ 6.030286663634945, 50.749590416041961 ], [ 6.028411252104788, 50.750329267241248 ], [ 6.021394331161895, 50.753113844703577 ], [ 6.021292463315416, 50.753434418048805 ], [ 6.021034762477256, 50.75432782483599 ], [ 6.020362885741799, 50.756656947086178 ], [ 6.019770324010314, 50.758180140878288 ], [ 6.019517492631747, 50.759035729505669 ], [ 6.019110245764058, 50.760462257231893 ], [ 6.01861954872832, 50.762164998032226 ], [ 6.018323663902342, 50.763172162467761 ], [ 6.019118253772545, 50.764436477875037 ], [ 6.020747749697739, 50.765558479029238 ], [ 6.021791445680272, 50.766672110856952 ], [ 6.022836028135123, 50.768715927320493 ], [ 6.024915106309198, 50.770991104968267 ], [ 6.027316899993298, 50.773273297444675 ], [ 6.027798681799798, 50.773733599525848 ], [ 6.027255876529006, 50.774352648886527 ], [ 6.02684067387688, 50.774679154695718 ], [ 6.026232706565193, 50.775088355952171 ], [ 6.025518320334189, 50.775421329277954 ], [ 6.024713406767429, 50.775660658198198 ], [ 6.023667694892236, 50.775890675691144 ], [ 6.022805759191715, 50.775983559976922 ], [ 6.022123290114854, 50.77598421956359 ], [ 6.021475539390011, 50.776067346084126 ], [ 6.021053549145078, 50.776168213858817 ], [ 6.020505283980039, 50.776399410782275 ], [ 6.020050115033272, 50.776697306221003 ], [ 6.019467798126423, 50.777134510281911 ], [ 6.018794097204504, 50.777487047655207 ], [ 6.018193469096468, 50.777671137293559 ], [ 6.017544621883961, 50.778060686973404 ], [ 6.016601761819441, 50.778402796153038 ], [ 6.015975378217251, 50.778558835214689 ], [ 6.015223560969252, 50.77883621498021 ], [ 6.014548073020136, 50.779206689315572 ], [ 6.01357770293201, 50.779538696002092 ], [ 6.012760222866117, 50.77975943162302 ], [ 6.011374057117862, 50.780007589494176 ], [ 6.010608917925295, 50.780099746137971 ], [ 6.010213466159571, 50.78021963405466 ], [ 6.009843744678508, 50.780367561200151 ], [ 6.00928535550499, 50.780594585606167 ], [ 6.007468112637893, 50.781411259311504 ], [ 6.006917118381097, 50.781669334240732 ], [ 6.006682964984088, 50.781885611206363 ], [ 6.006389842879733, 50.78227087360046 ], [ 6.006113186269076, 50.782485500820435 ], [ 6.004717141175072, 50.783395874052523 ], [ 6.004413872122919, 50.783591436244556 ], [ 6.004018374803706, 50.783711303016638 ], [ 6.00228372105875, 50.784004541769555 ], [ 6.00194314483019, 50.784144563023887 ], [ 6.001471879612981, 50.784459796805713 ], [ 6.000654225962724, 50.785122152877072 ], [ 5.999707742770985, 50.785857786225648 ], [ 5.999215195765114, 50.786301814769764 ], [ 5.998580940782298, 50.786758149770741 ], [ 5.998152412185451, 50.786830567921477 ], [ 5.997627343151425, 50.786738906091529 ], [ 5.997037700294482, 50.786733802788135 ], [ 5.996075143235736, 50.787366843303566 ], [ 5.9956883524849, 50.787864598475686 ], [ 5.995742180498733, 50.788474886384328 ], [ 5.99576187019237, 50.789632416705288 ], [ 5.995652408844284, 50.789985923433093 ], [ 5.995269845072638, 50.790245333237962 ], [ 5.994028634138607, 50.790820919867677 ], [ 5.988652983064985, 50.793800453281278 ], [ 5.987981445644339, 50.794059330688007 ], [ 5.98747571339651, 50.79405744994726 ], [ 5.98658829731132, 50.793933814280017 ], [ 5.985778004163637, 50.793884432763932 ], [ 5.985484228773525, 50.79401550014294 ], [ 5.985229238417596, 50.794326219868864 ], [ 5.985028524748339, 50.79465686780334 ], [ 5.984561570671866, 50.794834627499974 ], [ 5.983998106532894, 50.794848295701811 ], [ 5.983520367462994, 50.794847489094408 ], [ 5.983030570963932, 50.794970909735895 ], [ 5.982705335868586, 50.795136372457115 ], [ 5.982110420519116, 50.795184433733766 ], [ 5.981466393409542, 50.795159320240394 ], [ 5.980682361405217, 50.795128742468791 ], [ 5.980145169396314, 50.795161231466913 ], [ 5.979846199534398, 50.795345525802368 ], [ 5.979800962337118, 50.795521903577693 ], [ 5.979273227775205, 50.796035742562005 ], [ 5.978817000745248, 50.796392041714569 ], [ 5.978085919225057, 50.796684170403807 ], [ 5.977653817211529, 50.796792007425296 ], [ 5.977176058414297, 50.796791173794318 ], [ 5.976761607475198, 50.797006581830459 ], [ 5.976571172612189, 50.797230733863387 ], [ 5.976105885545892, 50.797390712175073 ], [ 5.974861423043198, 50.797972951507262 ], [ 5.975391561215528, 50.800274350157103 ], [ 5.975525749815902, 50.801235138245929 ], [ 5.975804770106823, 50.802405922503375 ], [ 5.977106176284473, 50.804001212132938 ], [ 5.977880148103615, 50.805062851716272 ], [ 5.978920397806245, 50.804802183706798 ], [ 5.980201571324445, 50.805672482822651 ], [ 5.980179619957569, 50.806965237713428 ], [ 5.980597881506663, 50.807697081723965 ], [ 5.981360276333799, 50.808683457042065 ], [ 5.982500288874794, 50.809250740989611 ], [ 5.984026968709315, 50.810085486093456 ], [ 5.985514736405999, 50.81056001692987 ], [ 5.987897908478198, 50.809488038361572 ], [ 5.98939797032366, 50.808946233599535 ], [ 5.990854606182181, 50.808287385405997 ], [ 5.991819090111985, 50.807657080137965 ], [ 5.992683231054341, 50.807285225590043 ], [ 5.994896536110751, 50.805974206048312 ], [ 5.999425741267791, 50.803860511561716 ], [ 6.000909271822268, 50.802935542781533 ], [ 6.001762936292662, 50.802397897501606 ], [ 6.002591844654035, 50.801875826469008 ], [ 6.003484268082575, 50.801313731661331 ], [ 6.007240420421369, 50.802631283454431 ], [ 6.010357317363009, 50.80420047726605 ], [ 6.012732736236087, 50.806485633135154 ], [ 6.013448972173708, 50.807011806776323 ], [ 6.01465237666891, 50.808822767299127 ], [ 6.016547405555764, 50.810122031440066 ], [ 6.01768548690042, 50.810418448348834 ], [ 6.023802633703095, 50.813530386487017 ], [ 6.025050640963639, 50.81416449746321 ], [ 6.023406789462231, 50.814686951701745 ], [ 6.024458280286453, 50.815737147911086 ], [ 6.022146868135058, 50.81683776654355 ], [ 6.023388563571245, 50.818129688576263 ], [ 6.024407952078046, 50.818467143535976 ], [ 6.024960680733415, 50.818650111603596 ], [ 6.0252864470992, 50.818767163790483 ], [ 6.025607139708105, 50.818882391205229 ], [ 6.026273390248375, 50.819944738900858 ], [ 6.026244384174913, 50.820394330550222 ], [ 6.024817002936251, 50.82147503359392 ], [ 6.023972173791156, 50.824930928637315 ], [ 6.022780642890423, 50.826516501548333 ], [ 6.024990814113784, 50.827656487647545 ], [ 6.024801999932955, 50.827991741041139 ], [ 6.02168673076353, 50.82856556216025 ], [ 6.02015803026731, 50.828921167283269 ], [ 6.018802065842282, 50.829256386021527 ], [ 6.016986589512297, 50.832882066894321 ], [ 6.01652783213843, 50.833801816689508 ], [ 6.018390893210961, 50.837327915824993 ], [ 6.015947383663326, 50.838791099621403 ], [ 6.017352113222421, 50.842382037526242 ], [ 6.017896009074441, 50.843772252620546 ], [ 6.018875020314463, 50.846274426286151 ], [ 6.022183931824176, 50.846371577909579 ], [ 6.023652526420403, 50.847063769764986 ], [ 6.025678617455579, 50.847690219004754 ], [ 6.025997363908714, 50.847241457995388 ], [ 6.028197094140114, 50.847700105189404 ], [ 6.031588547915444, 50.849276256921769 ], [ 6.032161890162347, 50.849659705772126 ], [ 6.032523096622518, 50.849997599663112 ], [ 6.033381752438831, 50.850279881093584 ], [ 6.034427655687735, 50.850457215127399 ], [ 6.035388622617366, 50.850494201802533 ], [ 6.036018578467834, 50.850493522478104 ], [ 6.036618194874761, 50.850603819877833 ], [ 6.037738343132163, 50.851033196676084 ], [ 6.039289513760951, 50.850868555381005 ], [ 6.040059694278813, 50.851047697260746 ], [ 6.040933895667779, 50.851168526629266 ], [ 6.041534722996047, 50.851266384231806 ], [ 6.042066628299616, 50.851261902575644 ], [ 6.042435061524007, 50.851525275474074 ], [ 6.043009711110797, 50.851896255388986 ], [ 6.043356783046149, 50.851971892090006 ], [ 6.043737128544119, 50.852111110151682 ], [ 6.044062783425149, 50.85241021631672 ], [ 6.044462747678333, 50.852550185298554 ], [ 6.04476407544027, 50.85248699288389 ], [ 6.045194362915345, 50.852515976195555 ], [ 6.045644843795039, 50.852745106093373 ], [ 6.046188052707341, 50.852828264295958 ], [ 6.046682522554741, 50.853009235385528 ], [ 6.04703019306965, 50.853284256180622 ], [ 6.047535962361719, 50.85355288138016 ], [ 6.048264615426755, 50.853755293287975 ], [ 6.048882727867656, 50.85387869442269 ], [ 6.049746307173816, 50.854111194085128 ], [ 6.050198014334653, 50.854327890901942 ], [ 6.050304411001594, 50.854655949855413 ], [ 6.050313928094425, 50.854967832164341 ], [ 6.050623595866628, 50.855228922319242 ], [ 6.051244108988154, 50.855327480909608 ], [ 6.051748130690847, 50.855409108964409 ], [ 6.05214576944103, 50.855573881449637 ], [ 6.052633774732958, 50.85602871205964 ], [ 6.053639570347612, 50.85665955980982 ], [ 6.05483999530741, 50.857353499545276 ], [ 6.056402677497315, 50.857154144029884 ], [ 6.056873379972828, 50.856514167272636 ], [ 6.057241308549374, 50.855630980680658 ], [ 6.056956820627832, 50.854982023903823 ], [ 6.057066055749525, 50.854168688619737 ], [ 6.056834746168978, 50.852963461890731 ], [ 6.057075213169657, 50.852095334833777 ], [ 6.056787954369658, 50.851805180735212 ], [ 6.056764057376957, 50.851066505098885 ], [ 6.057661119670274, 50.851009534693262 ], [ 6.060810464785106, 50.850583348231638 ], [ 6.06206199917931, 50.850671110990305 ], [ 6.063932361314777, 50.849885252582418 ], [ 6.068604883269529, 50.848448746894533 ], [ 6.070646300510179, 50.847848774778207 ], [ 6.073980155866035, 50.846780258303099 ], [ 6.074414616302931, 50.847301609450632 ], [ 6.077294365538985, 50.860733862947853 ], [ 6.0778452553397, 50.861196234142867 ], [ 6.08099996397923, 50.862496942088029 ], [ 6.080996793363133, 50.864512063404469 ], [ 6.083501945498334, 50.864801145389514 ], [ 6.083675882657139, 50.865069164065609 ], [ 6.085274058497977, 50.867437493482683 ], [ 6.085514932175076, 50.867815375233 ], [ 6.086687335721101, 50.86965454369745 ], [ 6.086784306300114, 50.870433412664148 ], [ 6.086089527580516, 50.871299352712697 ], [ 6.087796949810557, 50.872220577269147 ], [ 6.088189822469571, 50.872433813347463 ], [ 6.087093571844365, 50.873627020723838 ], [ 6.086332262980163, 50.875354529162294 ], [ 6.085019773767288, 50.876473212620731 ], [ 6.086173330431425, 50.877245571543646 ], [ 6.087323446576037, 50.878015590081574 ], [ 6.08695519063062, 50.878534244705989 ], [ 6.086186608719298, 50.87966564142112 ], [ 6.085467794136627, 50.880117044515792 ], [ 6.084509561117956, 50.880752854551901 ], [ 6.083956585622107, 50.881018007142607 ], [ 6.08337733497131, 50.88116291381013 ], [ 6.082835644311529, 50.881309246874352 ], [ 6.082508029726081, 50.881582968699547 ], [ 6.082317106039687, 50.882004984011608 ], [ 6.081770028271999, 50.882604238737088 ], [ 6.081252318362872, 50.882894571508054 ], [ 6.080646774725625, 50.882919219047345 ], [ 6.080216352709323, 50.882688192685407 ], [ 6.07958907472339, 50.882545064691215 ], [ 6.079111176346381, 50.882813055613134 ], [ 6.079037432978947, 50.883191831689295 ], [ 6.079350637345851, 50.883466097353512 ], [ 6.079743496826288, 50.883695696634902 ], [ 6.079780190599266, 50.884102527308983 ], [ 6.079490102914115, 50.8843776707728 ], [ 6.078937055711495, 50.884642799405583 ], [ 6.078485390191952, 50.885031032862173 ], [ 6.078517549360692, 50.885485388945916 ], [ 6.078833028997525, 50.885735893454275 ], [ 6.07908833090998, 50.886222595868517 ], [ 6.078952137889531, 50.886861333073895 ], [ 6.078438004566266, 50.887509527531058 ], [ 6.077999877882864, 50.887755180968888 ], [ 6.077546803197603, 50.887761773862898 ], [ 6.076984652982818, 50.888121945000442 ], [ 6.076636591223749, 50.888609515492575 ], [ 6.07636592302506, 50.889076185126989 ], [ 6.076205693698865, 50.889570910822385 ], [ 6.075901971582705, 50.889988622013938 ], [ 6.075553884502738, 50.890476189190281 ], [ 6.075349279940936, 50.891040770366956 ], [ 6.075467873262712, 50.891379177128258 ], [ 6.075856253780628, 50.891656315266445 ], [ 6.075937280426927, 50.891993289094124 ], [ 6.075821399002048, 50.892418157268594 ], [ 6.075484610711318, 50.892786909902327 ], [ 6.075375512639469, 50.893140489209031 ], [ 6.075313039455297, 50.893400448362186 ], [ 6.075546633573151, 50.893722531113255 ], [ 6.075993312303798, 50.894694498068944 ], [ 6.076490506290443, 50.895702493191308 ], [ 6.076921041253492, 50.89684436654894 ], [ 6.077323751009319, 50.897712335721039 ], [ 6.077299822227373, 50.898529951321343 ], [ 6.077389838228942, 50.899283695228867 ], [ 6.07775178429349, 50.900013688342774 ], [ 6.078633690803652, 50.901513790787433 ], [ 6.079724152097211, 50.903090032464178 ], [ 6.079965739625091, 50.903951855902328 ], [ 6.079816524169551, 50.904908195820909 ], [ 6.079726246586719, 50.905412556985979 ], [ 6.079957690620599, 50.90608951900186 ], [ 6.080980443217049, 50.908667419008601 ], [ 6.081657500311337, 50.909548410595193 ], [ 6.082642096209092, 50.9103074619767 ], [ 6.085907044940443, 50.911981682886399 ], [ 6.086500908867568, 50.912405137123976 ], [ 6.086947696220203, 50.913135109430492 ], [ 6.086842760286255, 50.91370097235454 ], [ 6.086913445916121, 50.914291629736049 ], [ 6.087249536623935, 50.914758738452711 ], [ 6.08852724419315, 50.915847649572548 ], [ 6.089337954028172, 50.916361424978369 ], [ 6.090397828669148, 50.916775821126926 ], [ 6.09153691940815, 50.91724666383071 ], [ 6.09196564563379, 50.917514112181607 ], [ 6.092494881891994, 50.917844253526908 ], [ 6.093024001228329, 50.918505746017352 ], [ 6.093342847620924, 50.919117597568025 ], [ 6.094061227504247, 50.920496069951305 ], [ 6.094067972135627, 50.920870487654192 ], [ 6.093924751946724, 50.921325463898789 ], [ 6.091675754339683, 50.920230627102661 ], [ 6.090306613676563, 50.919782070186834 ], [ 6.089587384862655, 50.91954745599309 ], [ 6.088998090357738, 50.918695825735391 ], [ 6.086505819584283, 50.919412411490896 ], [ 6.083074853314082, 50.921301105103772 ], [ 6.077463733011724, 50.922511384307477 ], [ 6.071736840042052, 50.9231485069553 ], [ 6.068126587340315, 50.920658937103532 ], [ 6.06628195570835, 50.920936004814088 ], [ 6.062836627190171, 50.922033899249961 ], [ 6.061767846341054, 50.921271462442633 ], [ 6.05666175760799, 50.921772283104112 ], [ 6.05388849632701, 50.92228815643427 ], [ 6.056004642877022, 50.927144850298603 ], [ 6.050868140167116, 50.929995150118167 ], [ 6.04564325591712, 50.928031021577809 ], [ 6.045134999227261, 50.928920252263943 ], [ 6.043533717838677, 50.929740842935672 ], [ 6.042442303341754, 50.930073463669991 ], [ 6.041636863393911, 50.930318921509276 ], [ 6.040557201921152, 50.930421720146796 ], [ 6.038595202960689, 50.930776661707618 ], [ 6.032962863984196, 50.931795384055327 ], [ 6.026330638645662, 50.932993807634993 ], [ 6.018160183992465, 50.934436770045046 ], [ 6.017656874020703, 50.936623414214246 ], [ 6.015086912399911, 50.947785452327729 ], [ 6.015690632334503, 50.948773261811873 ], [ 6.016799121575215, 50.952511834619351 ], [ 6.014453483908507, 50.953391376711764 ], [ 6.006666355114056, 50.956310731625408 ], [ 6.005263991907566, 50.956836376238542 ], [ 6.006863375973151, 50.958257657809703 ], [ 6.008756139050161, 50.959380192040186 ], [ 6.011064334956753, 50.960113276781406 ], [ 6.012988615376413, 50.960521446687025 ], [ 6.014528683087674, 50.961528612156073 ], [ 6.015569404015891, 50.962722567564263 ], [ 6.016231410788656, 50.963847825306971 ], [ 6.01758850707369, 50.965757061808411 ], [ 6.019148785839312, 50.968223970003891 ], [ 6.02132100832717, 50.97115610858166 ], [ 6.021814146368033, 50.972554259454036 ], [ 6.026861301973737, 50.981597097543457 ], [ 6.026435005124812, 50.983274043924759 ], [ 6.023150849745305, 50.983243115731639 ], [ 6.020385424535793, 50.983709067517552 ], [ 6.018708432060404, 50.983859134681197 ], [ 6.017238030407472, 50.983826339187608 ], [ 6.017356975402309, 50.983377772187183 ], [ 5.989426080652662, 50.982298614217953 ], [ 5.984608194936992, 50.982111326935822 ], [ 5.98395903442199, 50.982181531378458 ], [ 5.983209123585359, 50.982510179010617 ], [ 5.982680421490286, 50.982895112487711 ], [ 5.981638617744969, 50.983117014137704 ], [ 5.980845819251408, 50.983110071182992 ], [ 5.980031598798264, 50.982935335877386 ], [ 5.976849510794402, 50.981857628510987 ], [ 5.97460624783699, 50.980840204286338 ], [ 5.973471892938438, 50.980462159683171 ], [ 5.972109401008331, 50.98009907441655 ], [ 5.970916554338744, 50.979933384816711 ], [ 5.969389609869631, 50.979706969117146 ], [ 5.968203751088514, 50.979469970245859 ], [ 5.967138255035132, 50.979547712255531 ], [ 5.966437524125404, 50.979758916047679 ], [ 5.965819492056111, 50.980283402858149 ], [ 5.965398940902033, 50.980720180202958 ], [ 5.964677263197526, 50.981145217071727 ], [ 5.959358738332695, 50.983844033050602 ], [ 5.958921527893395, 50.984079377019739 ], [ 5.957233070787763, 50.984987037540208 ], [ 5.955159321980871, 50.988406006138682 ], [ 5.950643408661925, 50.987344746523412 ], [ 5.94979629573587, 50.987124696490206 ], [ 5.942392993614523, 50.986308736800339 ], [ 5.93364109681036, 50.985262410330748 ], [ 5.927473462531163, 50.982140509038992 ], [ 5.923146486807353, 50.979594351989491 ], [ 5.921056125344276, 50.978781881534637 ], [ 5.918597684890076, 50.977741524555931 ], [ 5.916984212591406, 50.978080628841361 ], [ 5.915306214192041, 50.977711726153359 ], [ 5.90906658653755, 50.975839200874333 ], [ 5.904653007935583, 50.9745319310057 ], [ 5.903451136362659, 50.97458249959606 ], [ 5.900210342699786, 50.974718793734759 ], [ 5.897198106593662, 50.974845394707337 ], [ 5.896857733124124, 50.976561227496049 ], [ 5.895535522107291, 50.977510698337326 ], [ 5.893844757069481, 50.979506998917742 ], [ 5.892668411655237, 50.980347453343235 ], [ 5.894407177229113, 50.981101454861061 ], [ 5.895938058851274, 50.981504627612047 ], [ 5.902330571659399, 50.98636800766262 ], [ 5.903812807786702, 50.987495487360114 ], [ 5.904404785930983, 50.996218354612573 ], [ 5.905259886029299, 51.000561288825757 ], [ 5.905518057275922, 51.00215967653785 ], [ 5.895738802107987, 51.004358967629436 ], [ 5.895789378867984, 51.007588359798895 ], [ 5.895787548634451, 51.007750558443185 ], [ 5.895813278981329, 51.010798665180047 ], [ 5.895849689437892, 51.01100745158859 ], [ 5.893614530884752, 51.011928709979188 ], [ 5.89290931209406, 51.01222978280822 ], [ 5.892107163624547, 51.012572227309157 ], [ 5.888346848260515, 51.01359528131875 ], [ 5.885481045958439, 51.013826677189051 ], [ 5.884325214286326, 51.013359478266786 ], [ 5.879150797291457, 51.017553380825788 ], [ 5.878664631257321, 51.018140866885155 ], [ 5.878492834056925, 51.018791397166595 ], [ 5.878888193071932, 51.019649846459536 ], [ 5.878982573157391, 51.020310942088848 ], [ 5.87881914659681, 51.020877529400551 ], [ 5.878437741834021, 51.02148602953821 ], [ 5.87662905806433, 51.024077334077376 ], [ 5.876522183070318, 51.024612454572505 ], [ 5.876337119521585, 51.025127615456292 ], [ 5.875754481351505, 51.025924369115174 ], [ 5.874594376388006, 51.029320222512197 ], [ 5.876655602363288, 51.031360246672541 ], [ 5.877055763775042, 51.031955043269534 ], [ 5.877203154046646, 51.032700042876364 ], [ 5.878025523548351, 51.037544938473175 ], [ 5.877909106321996, 51.037782190823684 ], [ 5.877643401703356, 51.038019587452453 ], [ 5.87710271727844, 51.03828421456857 ], [ 5.87572760483381, 51.038725509003847 ], [ 5.875011804676462, 51.038925956922668 ], [ 5.874593520698804, 51.039176361140868 ], [ 5.872471153463955, 51.041342610231972 ], [ 5.867411587895608, 51.046252934215147 ], [ 5.867096630995178, 51.046679077400427 ], [ 5.866982832954062, 51.04751374386548 ], [ 5.86625035074051, 51.051203759062446 ], [ 5.866755374801843, 51.051431378844157 ], [ 5.867574948154409, 51.051716122758577 ], [ 5.874353376895122, 51.051543975938053 ], [ 5.876119057049975, 51.051623081384541 ], [ 5.886781813853509, 51.052126912370881 ], [ 5.889003413804301, 51.052435456228508 ], [ 5.892345098713758, 51.053228151811325 ], [ 5.896387621776864, 51.057114104771031 ], [ 5.897288621953837, 51.057598332717923 ], [ 5.902670909336339, 51.060392575957756 ], [ 5.906145989228781, 51.061989366871629 ], [ 5.913170487553264, 51.066731135799017 ], [ 5.918010985925363, 51.06434833008187 ], [ 5.918959007478618, 51.06378175461564 ], [ 5.919846205336668, 51.061995486605632 ], [ 5.923921021260708, 51.053339107104179 ], [ 5.926394687430581, 51.047991310616084 ], [ 5.92938277186899, 51.045827846875937 ], [ 5.93468131483298, 51.041113575677493 ], [ 5.936427826054737, 51.038246884227242 ], [ 5.937863421055062, 51.036347303631153 ], [ 5.938114703508496, 51.035140721832306 ], [ 5.940602024433625, 51.035619742681256 ], [ 5.941602971470086, 51.035635071354733 ], [ 5.942972837949875, 51.03612992741656 ], [ 5.943136838483183, 51.036577593799947 ], [ 5.945133004908135, 51.036763006367963 ], [ 5.946407339194757, 51.036979793954373 ], [ 5.94688160047642, 51.036580937168779 ], [ 5.949005196448468, 51.036788166666661 ], [ 5.94961234775788, 51.036865976371281 ], [ 5.953198541654506, 51.036600371027838 ], [ 5.953838456954393, 51.036490131336848 ], [ 5.954660606449732, 51.036125577405656 ], [ 5.955818644373466, 51.03496933533831 ], [ 5.956543459600521, 51.035034997140848 ], [ 5.957460575419783, 51.034837557503003 ], [ 5.957887700995927, 51.034709982815507 ], [ 5.957796817541587, 51.035490704664745 ], [ 5.959328558184078, 51.037872661489999 ], [ 5.959465591557986, 51.038289229616602 ], [ 5.95871354783993, 51.039306670522642 ], [ 5.957896922907982, 51.04098204389097 ], [ 5.960220336517387, 51.041832264956497 ], [ 5.962055415681004, 51.042075044419967 ], [ 5.964755861849955, 51.043847894918137 ], [ 5.967225230172187, 51.044331628593881 ], [ 5.967903396168764, 51.044853810033068 ], [ 5.9680641715207, 51.045986872869626 ], [ 5.968971371118789, 51.046653173020964 ], [ 5.968613330536881, 51.047973386908154 ], [ 5.969209087856685, 51.048753771644066 ], [ 5.969247104084399, 51.04924203047446 ], [ 5.968439445111877, 51.049895717450546 ], [ 5.968365594628368, 51.050650059381191 ], [ 5.969627734834807, 51.052366816317871 ], [ 5.970247720488076, 51.053923376244747 ], [ 5.970109495090986, 51.054458868819907 ], [ 5.968620298175519, 51.05564495766604 ], [ 5.970350126846903, 51.056676760391191 ], [ 5.971026627340016, 51.057802816400162 ], [ 5.970957263886546, 51.059177303274957 ], [ 5.970712540294858, 51.060209347513059 ], [ 5.969847317602759, 51.060605924094205 ], [ 5.970931407140149, 51.061644333579203 ], [ 5.972180315914271, 51.062100429461914 ], [ 5.973286558288548, 51.062913248526613 ], [ 5.974837340243132, 51.063222541320762 ], [ 5.97603171363492, 51.064604814175148 ], [ 5.978476200123001, 51.066322231071197 ], [ 5.978864048269698, 51.067184626678198 ], [ 5.97870540498679, 51.06776528843362 ], [ 5.981383872535766, 51.069247099039501 ], [ 5.97931488014422, 51.07105106193687 ], [ 5.980051151585729, 51.071652026775318 ], [ 5.980287870858892, 51.072329019731171 ], [ 5.981591009381745, 51.073175487286903 ], [ 5.982806166708429, 51.07324522564484 ], [ 5.984569987145395, 51.073585271239089 ], [ 5.985771953933027, 51.07379031984275 ], [ 5.988523586894567, 51.074689322675873 ], [ 5.989448871050766, 51.07615829746878 ], [ 5.989882647336341, 51.077139606637211 ], [ 5.9908352897537, 51.07778942774754 ], [ 5.99179257711944, 51.079329184251861 ], [ 5.992439807835916, 51.08006971768917 ], [ 5.995551740327196, 51.082718110455644 ], [ 5.997787242484536, 51.084259313048214 ], [ 6.00061883108634, 51.085513418814948 ], [ 6.001847093405909, 51.086009544913694 ], [ 6.003752388162118, 51.086779095122658 ], [ 6.005409323667614, 51.087653873448978 ], [ 6.007109462686734, 51.088864188649346 ], [ 6.008181326603381, 51.089525579339956 ], [ 6.008986804267555, 51.090200550419745 ], [ 6.009360304210201, 51.090644231665983 ], [ 6.009891655189972, 51.091022440065018 ], [ 6.01104516005876, 51.091233797174667 ], [ 6.011634182629785, 51.091017971406416 ], [ 6.012582059089671, 51.091006751677796 ], [ 6.013473765962004, 51.091184160409114 ], [ 6.014557295826203, 51.091726686819882 ], [ 6.015709404444542, 51.092343388260588 ], [ 6.016326378742074, 51.093011053751688 ], [ 6.01765515646628, 51.094540813882205 ], [ 6.020617772018242, 51.092889770651915 ], [ 6.022560030775118, 51.093286700594902 ], [ 6.023870374675051, 51.093365621151122 ], [ 6.025564549062137, 51.094174740004661 ], [ 6.027806511547736, 51.094489690701401 ], [ 6.030376497094792, 51.094702691200752 ], [ 6.033967170488133, 51.095641586552382 ], [ 6.03591004118957, 51.096231114277039 ], [ 6.037468680332739, 51.097034859349641 ], [ 6.03875291649392, 51.09785670568651 ], [ 6.039791519923843, 51.098869476187332 ], [ 6.041834571020257, 51.100779202537211 ], [ 6.042852694272671, 51.101259002371116 ], [ 6.043574429771903, 51.101282649296728 ], [ 6.044191434025823, 51.101302861539025 ], [ 6.044666023273423, 51.101429156111379 ], [ 6.046134290606765, 51.102386610621934 ], [ 6.051878713561296, 51.106220328018537 ], [ 6.056491332072859, 51.109623031887423 ], [ 6.056482339321644, 51.110163512708702 ], [ 6.055339349947467, 51.110732906740516 ], [ 6.057769204239808, 51.113908140507448 ], [ 6.0603055298242, 51.115931859487681 ], [ 6.062375648625563, 51.116845442932274 ], [ 6.067404139934993, 51.118083229621348 ], [ 6.07041075423732, 51.118110183140288 ], [ 6.07149772562329, 51.117990396110898 ], [ 6.07239947296635, 51.118223041277993 ], [ 6.072932766049198, 51.118442637205952 ], [ 6.073418290225984, 51.118747639240162 ], [ 6.073894794010779, 51.118940155279923 ], [ 6.074540996405946, 51.119014505133947 ], [ 6.075111863206613, 51.119048614418318 ], [ 6.075754505539772, 51.119160201691997 ], [ 6.076161150475544, 51.119462200606236 ], [ 6.076224134097668, 51.119838390741855 ], [ 6.075699600687336, 51.120354286989304 ], [ 6.075625683901507, 51.120712826618444 ], [ 6.075859357904752, 51.12104920291349 ], [ 6.080446452811273, 51.122205494445012 ], [ 6.080183506630048, 51.123457429985514 ], [ 6.080114067780056, 51.123734219490686 ], [ 6.079862072771205, 51.124571947090345 ], [ 6.079879118852236, 51.124842998586701 ], [ 6.080026328103876, 51.125100952775988 ], [ 6.080843533568868, 51.126141414429917 ], [ 6.08185470874104, 51.125602833683828 ], [ 6.083504628166602, 51.123925677162561 ], [ 6.087061265839491, 51.124628070173856 ], [ 6.086658954251872, 51.125541245102582 ], [ 6.084409602290385, 51.125996971720312 ], [ 6.085498564564244, 51.126817833800963 ], [ 6.086587565476936, 51.127638685629805 ], [ 6.087975736435899, 51.127501887918186 ], [ 6.088406880558384, 51.127750702324576 ], [ 6.088644194022081, 51.127887654429664 ], [ 6.088733215880412, 51.128255555889268 ], [ 6.088705973266953, 51.128540947818728 ], [ 6.088312596682909, 51.128760423748787 ], [ 6.087805428225494, 51.128871444455172 ], [ 6.087295780012382, 51.129008406503814 ], [ 6.086936191736997, 51.129307270876261 ], [ 6.088762763699498, 51.129911190175704 ], [ 6.089234896616277, 51.130217463602321 ], [ 6.089833413126472, 51.131601110483842 ], [ 6.090679797112768, 51.132489363609423 ], [ 6.091868347709855, 51.134973966396075 ], [ 6.092412571371218, 51.134799964823038 ], [ 6.095976313172975, 51.134752205809839 ], [ 6.09662622366414, 51.13488087645036 ], [ 6.09743120056879, 51.135119545137712 ], [ 6.098316191268456, 51.13538726206923 ], [ 6.099159952718664, 51.135653417557599 ], [ 6.099751350853081, 51.135962130567819 ], [ 6.100214098399567, 51.13631806702741 ], [ 6.100934170802089, 51.136579547565802 ], [ 6.101586590560805, 51.136682245883897 ], [ 6.102003924834031, 51.136645893245763 ], [ 6.102523490884638, 51.136405086475463 ], [ 6.103105778598615, 51.13637494472421 ], [ 6.103675720964845, 51.136474524717912 ], [ 6.104385942417495, 51.136839763017406 ], [ 6.105113450153905, 51.137023382569161 ], [ 6.105627359781782, 51.137277070061728 ], [ 6.1062674636264, 51.137509467122577 ], [ 6.10705103044543, 51.137538956099782 ], [ 6.108411965113899, 51.137590161328198 ], [ 6.109438046074975, 51.137680833225446 ], [ 6.110248067990086, 51.137867521977753 ], [ 6.111009461891592, 51.138130491139471 ], [ 6.111773328717944, 51.138367509509024 ], [ 6.112513208853425, 51.138421356544939 ], [ 6.113165680287607, 51.138523990195353 ], [ 6.113599631256345, 51.138748598111903 ], [ 6.114077290884349, 51.138948808867674 ], [ 6.114404763106704, 51.138987148841345 ], [ 6.11511321198192, 51.138889837500351 ], [ 6.115928254630804, 51.139070408669426 ], [ 6.116558588763238, 51.13940653022572 ], [ 6.11702396139504, 51.139736454909489 ], [ 6.117574288342102, 51.140043529139795 ], [ 6.118064282393902, 51.1401139974719 ], [ 6.118435469430101, 51.140127929101098 ], [ 6.11903935464859, 51.140306817210337 ], [ 6.119764515256418, 51.140516290529057 ], [ 6.120540763377312, 51.140623525199452 ], [ 6.12121977287246, 51.14088333247355 ], [ 6.121389108917408, 51.141280247210275 ], [ 6.121223571995965, 51.141716677933587 ], [ 6.121179308146673, 51.142183693454761 ], [ 6.121596119984186, 51.142589889077755 ], [ 6.122146509807362, 51.14289694158856 ], [ 6.122570711814481, 51.143225297427236 ], [ 6.123033707525896, 51.143581144011122 ], [ 6.123472669760428, 51.143753823915958 ], [ 6.124122783183626, 51.143882341459175 ], [ 6.124330944266766, 51.144306742772166 ], [ 6.124726214115051, 51.144503818202217 ], [ 6.125386169164171, 51.144528547123187 ], [ 6.125812865786548, 51.144830945927716 ], [ 6.125950833235673, 51.145122526811278 ], [ 6.126443350255604, 51.145167013868345 ], [ 6.127035555239108, 51.145032971167957 ], [ 6.127797659877369, 51.144853212636193 ], [ 6.12854011752647, 51.144881012927321 ], [ 6.129158832677807, 51.144904176225332 ], [ 6.129901290535009, 51.144931967817357 ], [ 6.130381540192512, 51.145106165620568 ], [ 6.130915308894072, 51.145152177493721 ], [ 6.131500141659576, 51.145095949022235 ], [ 6.132291212226163, 51.145047431917249 ], [ 6.133065112827468, 51.145180528660717 ], [ 6.133421630543814, 51.145350085640949 ], [ 6.134079150185722, 51.145400711728158 ], [ 6.134748929788036, 51.145321605432805 ], [ 6.135403999264049, 51.145398168547743 ], [ 6.135874470135646, 51.145676127128198 ], [ 6.136284504598672, 51.145717489181727 ], [ 6.136699442407654, 51.145706959016039 ], [ 6.137257320546595, 51.145936103071683 ], [ 6.137856454372838, 51.146166785544374 ], [ 6.138596489596398, 51.146220467396233 ], [ 6.139710218336871, 51.146262063145613 ], [ 6.140522961068079, 51.146422597230973 ], [ 6.141466802596436, 51.146509906710463 ], [ 6.142153360223588, 51.146691755639935 ], [ 6.142754975599582, 51.146896466553677 ], [ 6.143519149741051, 51.14713327799646 ], [ 6.144055401440291, 51.147153284300103 ], [ 6.144720297028188, 51.147126012025858 ], [ 6.145154481914375, 51.14735050246059 ], [ 6.145666280111997, 51.147629959934918 ], [ 6.14604699642897, 51.147982637631124 ], [ 6.146388911466595, 51.148307830395609 ], [ 6.146990566527854, 51.148512520356604 ], [ 6.147599560901504, 51.148639369417005 ], [ 6.148424593838095, 51.148670118543201 ], [ 6.149210820229976, 51.148673379166375 ], [ 6.149805448994599, 51.148513274680617 ], [ 6.150438881721825, 51.148380649453216 ], [ 6.150938785202721, 51.148347196197285 ], [ 6.151368398426392, 51.148180937942165 ], [ 6.151756756289823, 51.148013141936104 ], [ 6.152591548093116, 51.147940077867752 ], [ 6.15319566728454, 51.148118790165441 ], [ 6.153765863524123, 51.148218125738758 ], [ 6.154591059168686, 51.148108062467657 ], [ 6.155216987352475, 51.148194018469454 ], [ 6.155612420575927, 51.148390989268187 ], [ 6.156257810330529, 51.148571219637574 ], [ 6.156954212910889, 51.148649197370595 ], [ 6.15748560981996, 51.148721033718751 ], [ 6.158128572659062, 51.148927200487627 ], [ 6.158701226453918, 51.149000566071066 ], [ 6.159521397281195, 51.149083128608744 ], [ 6.160004239279846, 51.149231258702883 ], [ 6.160623028332547, 51.149254255446635 ], [ 6.161207875376147, 51.149197878335443 ], [ 6.161637459580485, 51.149031582366476 ], [ 6.1621932329946, 51.148843936262431 ], [ 6.162695569228201, 51.148784485899832 ], [ 6.1634065556202, 51.148841368794422 ], [ 6.16329413789666, 51.150802002560056 ], [ 6.162928301153873, 51.151951077935252 ], [ 6.162734777481294, 51.152791101565072 ], [ 6.164251062233907, 51.152973587391067 ], [ 6.164733253014365, 51.153027540305615 ], [ 6.167475339592249, 51.154273655063811 ], [ 6.170262510429788, 51.155283188376885 ], [ 6.17312178209862, 51.156952780592484 ], [ 6.175415266720045, 51.158479772461902 ], [ 6.170699256824014, 51.160399528245897 ], [ 6.164339082211695, 51.162988022037183 ], [ 6.159834145759949, 51.164821076872613 ], [ 6.158046629625914, 51.165548327332708 ], [ 6.154423280274814, 51.167022332653495 ], [ 6.15371541794773, 51.167310271436783 ], [ 6.149149609227282, 51.169155709069862 ], [ 6.145949261811366, 51.170449052109923 ], [ 6.139953121890734, 51.17287181542283 ], [ 6.13881126340485, 51.173333123435285 ], [ 6.146098189156741, 51.17559054352553 ], [ 6.1480118670831, 51.176183270629792 ], [ 6.150391678139666, 51.176920309568132 ], [ 6.156262996605246, 51.178738375183713 ], [ 6.158909079603903, 51.17955759780849 ], [ 6.159993093843542, 51.179893812023927 ], [ 6.165393956534818, 51.18156870228254 ], [ 6.170943192099293, 51.183303901933087 ], [ 6.174811769499556, 51.184513340681946 ], [ 6.180197879688328, 51.186262748193393 ], [ 6.180698933926439, 51.186425471143515 ], [ 6.166117456923924, 51.19387098130273 ], [ 6.165018324692932, 51.194360642077953 ], [ 6.161030044129288, 51.192781869079305 ], [ 6.159941669166608, 51.192489227092551 ], [ 6.15660086248266, 51.191590864121672 ], [ 6.152673251738697, 51.190534539260227 ], [ 6.150277965895189, 51.189890243110781 ], [ 6.140477049275325, 51.186985369223969 ], [ 6.135889560662322, 51.185538332543722 ], [ 6.133401695818416, 51.184871196157388 ], [ 6.130993969636675, 51.18413239823888 ], [ 6.129677710854536, 51.18364199100133 ], [ 6.128526069860927, 51.183157726223357 ], [ 6.127456744863316, 51.182676529367178 ], [ 6.125760447040285, 51.182275662943631 ], [ 6.124236116454045, 51.181803353466229 ], [ 6.122948880047566, 51.18144371402407 ], [ 6.12218919155926, 51.181181682884976 ], [ 6.121567664009254, 51.180769108922071 ], [ 6.120292745327629, 51.180280137547165 ], [ 6.119184884394711, 51.179771463112253 ], [ 6.118551129884461, 51.179488175438166 ], [ 6.117723942003437, 51.179067866784777 ], [ 6.11697414380155, 51.1787023598554 ], [ 6.116258132535877, 51.178415972981121 ], [ 6.115561779394942, 51.177922698409766 ], [ 6.115158344766628, 51.177388507120263 ], [ 6.114757376002581, 51.176828453990396 ], [ 6.114320189956184, 51.176215134367062 ], [ 6.113752224733384, 51.175674760826666 ], [ 6.113094621750637, 51.175208876205531 ], [ 6.11227493352796, 51.174710947594619 ], [ 6.111628999957314, 51.174556923975146 ], [ 6.111198597986236, 51.174307182541675 ], [ 6.110751648561305, 51.17379729068125 ], [ 6.109960854588949, 51.173430192985599 ], [ 6.108985845327495, 51.173263787738797 ], [ 6.108105418251969, 51.172971166846651 ], [ 6.107314658000948, 51.172604051156561 ], [ 6.106279551464616, 51.172201787438951 ], [ 6.105260983339234, 51.1720596642323 ], [ 6.104317307720595, 51.171998208388622 ], [ 6.10337855989803, 51.17188502456451 ], [ 6.10249080530389, 51.171669940998626 ], [ 6.101808737978164, 51.171462594290425 ], [ 6.101267330105173, 51.171078869314037 ], [ 6.100769530348128, 51.170670830731943 ], [ 6.100598352869868, 51.170301043475078 ], [ 6.10009317427707, 51.169970582360634 ], [ 6.099522223442825, 51.169897170740462 ], [ 6.098718485246942, 51.170100468678228 ], [ 6.097861277122475, 51.170431511392671 ], [ 6.097258264930834, 51.170694269615254 ], [ 6.096372232672662, 51.170894450803793 ], [ 6.095660601504001, 51.170997388694325 ], [ 6.094816502213733, 51.170757937663289 ], [ 6.094136950512024, 51.170524686178325 ], [ 6.09352239815802, 51.170475553825938 ], [ 6.092844496421245, 51.170657606126525 ], [ 6.092002049644953, 51.170833446073637 ], [ 6.091176882399532, 51.170828260437887 ], [ 6.090458683174661, 51.170567575223032 ], [ 6.089684537801739, 51.170460492110898 ], [ 6.089011562395557, 51.170590802396212 ], [ 6.088257978446738, 51.170759008174194 ], [ 6.086260404510249, 51.171054203326129 ], [ 6.082306251980958, 51.171638423521024 ], [ 6.080412729936843, 51.174518268204771 ], [ 6.078756854047381, 51.177036356399064 ], [ 6.077314498796163, 51.178583530144486 ], [ 6.075023705141442, 51.180939450099608 ], [ 6.073542472124331, 51.18272067470118 ], [ 6.073337851793355, 51.182966725170054 ], [ 6.072824198738453, 51.186976297036679 ], [ 6.072860790324844, 51.188239571767397 ], [ 6.072319164929478, 51.191941623471607 ], [ 6.071804693322797, 51.19579454429968 ], [ 6.071248509138772, 51.199959116107145 ], [ 6.070903583484023, 51.202524580380334 ], [ 6.070562813957857, 51.205058848915591 ], [ 6.070426635517697, 51.206071514748444 ], [ 6.069492585765953, 51.213016210169954 ], [ 6.068431220967846, 51.213440913531585 ], [ 6.067974199742374, 51.220514091696181 ], [ 6.07053215573255, 51.22202910098202 ], [ 6.073232769700337, 51.222391005230747 ], [ 6.0809605483415, 51.22240363126086 ], [ 6.083444648987149, 51.222038088938554 ], [ 6.085775801569942, 51.222605449207343 ], [ 6.08441261835907, 51.225207813761067 ], [ 6.083263924438503, 51.227309618883076 ], [ 6.082774604625652, 51.227922075220405 ], [ 6.081143608000835, 51.230286841187585 ], [ 6.075373919126736, 51.238650118900473 ], [ 6.074357145777608, 51.240123607166652 ], [ 6.072656925093661, 51.242587302499679 ], [ 6.085043585203148, 51.247404402384667 ], [ 6.103602334952267, 51.260200932807216 ], [ 6.124480767521802, 51.274584889878632 ], [ 6.124800085129234, 51.277592635534965 ], [ 6.128804660948486, 51.285391472166957 ], [ 6.129827275099956, 51.286570250864379 ], [ 6.132622184225346, 51.288774507441801 ], [ 6.137374666261363, 51.29243125063612 ], [ 6.141116442745065, 51.295309772274443 ], [ 6.144448306126227, 51.297623808863015 ], [ 6.153526750988884, 51.306838500985755 ], [ 6.154080231616152, 51.307372754097194 ], [ 6.154278989383804, 51.31110981820256 ], [ 6.155875076844305, 51.31274283739549 ], [ 6.15947816289421, 51.315690173229122 ], [ 6.159294091772865, 51.319480726894348 ], [ 6.161620247496479, 51.321657778155689 ], [ 6.162336345117172, 51.323216423328773 ], [ 6.163662857559942, 51.324723866662701 ], [ 6.164402218983144, 51.325564025287335 ], [ 6.166008194674006, 51.3268401099035 ], [ 6.168429509539194, 51.328930389812832 ], [ 6.169286140927535, 51.32961094116979 ], [ 6.169216011490904, 51.330203177974532 ], [ 6.168378233692732, 51.331108796231753 ], [ 6.168220643765038, 51.331937703439145 ], [ 6.168622606877956, 51.332949246622611 ], [ 6.171411471832228, 51.333168266375431 ], [ 6.177792538896665, 51.33337126110932 ], [ 6.181295356500339, 51.333964916588975 ], [ 6.183720383232594, 51.334191260177008 ], [ 6.185388805102604, 51.33463888218531 ], [ 6.188214986121354, 51.33504185308734 ], [ 6.193070744658309, 51.334731865329232 ], [ 6.189840026003623, 51.339349924316217 ], [ 6.190519572306838, 51.339748239878972 ], [ 6.191898047702493, 51.340546918159575 ], [ 6.194039256389622, 51.341806180626499 ], [ 6.203222117028787, 51.347171854735961 ], [ 6.209130665790699, 51.350616269909416 ], [ 6.223808279838034, 51.359169123926016 ], [ 6.226129918013168, 51.360517645421616 ], [ 6.224405155080045, 51.364978861097626 ], [ 6.220401018049753, 51.374625809376518 ], [ 6.219897776757653, 51.375818283463225 ], [ 6.218340912104137, 51.379546569403537 ], [ 6.217358474829218, 51.381898928038694 ], [ 6.216471982143634, 51.383993431703132 ], [ 6.21482002025543, 51.387538079310787 ], [ 6.216136278857046, 51.388676477368577 ], [ 6.214416331998454, 51.389629403425204 ], [ 6.21745233616797, 51.391516589664761 ], [ 6.22196101073463, 51.395269415510825 ], [ 6.222433550863032, 51.395764270326453 ], [ 6.226378866136586, 51.399656934591022 ], [ 6.22595189143166, 51.400389252113854 ], [ 6.211082658576774, 51.400905760549776 ], [ 6.205219800473802, 51.399518306130368 ], [ 6.206792263514248, 51.40516736741305 ], [ 6.214183349405863, 51.431700816943881 ], [ 6.214870834506979, 51.434375417990061 ], [ 6.214650334703747, 51.436737530526187 ], [ 6.213933359925972, 51.446335798342261 ], [ 6.214263817014819, 51.446719818235515 ], [ 6.220521129542126, 51.446890583731417 ], [ 6.220015756897903, 51.455255761149523 ], [ 6.220529769517237, 51.456619277643455 ], [ 6.221921235224788, 51.462379988370166 ], [ 6.222329999264472, 51.464494627082097 ], [ 6.223171521272802, 51.468932038026765 ], [ 6.222718772510619, 51.46960948417388 ], [ 6.222914835474377, 51.47073479981632 ], [ 6.223263945763132, 51.472738400099374 ], [ 6.223322820335809, 51.473723123154102 ], [ 6.223395716693235, 51.474942323794252 ], [ 6.21922774149906, 51.483971380572633 ], [ 6.218681229065778, 51.483996781381997 ], [ 6.218174764749814, 51.484649627887627 ], [ 6.215198288404407, 51.488485968806792 ], [ 6.214717178870708, 51.489000145494693 ], [ 6.213599305932854, 51.490148989248574 ], [ 6.213019465846321, 51.491101144895985 ], [ 6.212817718901976, 51.492258329746534 ], [ 6.213430663263022, 51.496739531678131 ], [ 6.213904530562106, 51.500010072128035 ], [ 6.214054269260556, 51.501033864543544 ], [ 6.214302312549476, 51.503322893778964 ], [ 6.213088920730973, 51.509812282169769 ], [ 6.212084664003724, 51.5133784054755 ], [ 6.210917371190825, 51.514952073860783 ], [ 6.207760971889027, 51.519206722082131 ], [ 6.200741916359092, 51.526583666083816 ], [ 6.199281563392203, 51.527981247824549 ], [ 6.19435179111603, 51.530503372372443 ], [ 6.188423058790869, 51.533901518482907 ], [ 6.184142980201099, 51.535747966123651 ], [ 6.177048431387046, 51.538675436943265 ], [ 6.175320000912516, 51.541216457069112 ], [ 6.168648627475384, 51.55047903034145 ], [ 6.16504774278077, 51.555490720676978 ], [ 6.163803575543027, 51.557222063885845 ], [ 6.157022337653585, 51.566678332379482 ], [ 6.1461070929967, 51.571061022132653 ], [ 6.136209710322675, 51.577202974908516 ], [ 6.135523055546916, 51.577676450301873 ], [ 6.130597290609376, 51.581072548389045 ], [ 6.128544061057576, 51.583586884190048 ], [ 6.125832798731304, 51.586906549050454 ], [ 6.1212801849297, 51.592780155388624 ], [ 6.119295648403875, 51.59363853088994 ], [ 6.11703126795375, 51.593784879986309 ], [ 6.111974416691269, 51.596120259231 ], [ 6.096935466435112, 51.603229253116552 ], [ 6.091235346224498, 51.60590930939334 ], [ 6.094369651287159, 51.615741830819097 ], [ 6.094343405736502, 51.616164434341314 ], [ 6.093983593633554, 51.622132495094675 ], [ 6.095137487204984, 51.621686750216149 ], [ 6.097244061019635, 51.620895024631388 ], [ 6.100036272084038, 51.624122914828106 ], [ 6.104761972170649, 51.635037316041753 ], [ 6.107978779266539, 51.6419523115201 ], [ 6.111364523084646, 51.645007211250849 ], [ 6.109480075378761, 51.64682970520041 ], [ 6.116146447228145, 51.650123561453654 ], [ 6.115839632341556, 51.650301423828644 ], [ 6.117105922528641, 51.650844108856141 ], [ 6.116596154102076, 51.651627265430129 ], [ 6.116072580151117, 51.652554102182812 ], [ 6.115790746569446, 51.653075354529967 ], [ 6.115938782913086, 51.653495410662451 ], [ 6.116143708607464, 51.653926590872295 ], [ 6.116443666841652, 51.654424383812561 ], [ 6.11663609875618, 51.654683868063891 ], [ 6.116993165855975, 51.655039584891895 ], [ 6.117663350006435, 51.655605189188023 ], [ 6.118240238472449, 51.656086217663898 ], [ 6.116288351209611, 51.65679782447306 ], [ 6.108699693388759, 51.658868029851412 ], [ 6.105925935571228, 51.659256688414537 ], [ 6.103180151127497, 51.660313096033967 ], [ 6.101689349055698, 51.660228316353674 ], [ 6.099646170660478, 51.658113387781917 ], [ 6.09512754123204, 51.659689074537148 ], [ 6.088537993547914, 51.659803777595251 ], [ 6.08803906896402, 51.659808982264728 ], [ 6.087599333418152, 51.659995236637009 ], [ 6.087367414476079, 51.660213099385238 ], [ 6.087393731753561, 51.660535993012033 ], [ 6.087524329664904, 51.660970086888469 ], [ 6.087386356667382, 51.661406068399529 ], [ 6.087155166796855, 51.66181471977287 ], [ 6.086820426899859, 51.662302959877941 ], [ 6.086432229808682, 51.66255074994892 ], [ 6.085602378728487, 51.662805874202107 ], [ 6.085077428853186, 51.662881631230519 ], [ 6.084609057061651, 51.662768738603191 ], [ 6.084207607067385, 51.662360281447334 ], [ 6.083356479401037, 51.6620423082516 ], [ 6.083159421403017, 51.661701104339961 ], [ 6.082677280593235, 51.661730760782909 ], [ 6.080268591748522, 51.661461794645334 ], [ 6.079823504805939, 51.661504748756172 ], [ 6.079406271940951, 51.661656047392661 ], [ 6.07906499608903, 51.662012874557796 ], [ 6.079389478660411, 51.663470214932566 ], [ 6.078750655726987, 51.663482349597196 ], [ 6.078270668917761, 51.663500428183184 ], [ 6.077661252188206, 51.663657856577863 ], [ 6.07711533389578, 51.6639077842798 ], [ 6.076697104507306, 51.664036318580379 ], [ 6.076362032875925, 51.664204016133496 ], [ 6.076120209865643, 51.664456317734185 ], [ 6.075614635108727, 51.664887998791635 ], [ 6.074953210927889, 51.664481867284074 ], [ 6.072485763083189, 51.663829017334045 ], [ 6.061875866672568, 51.666526476710366 ], [ 6.037817278071469, 51.67260473892145 ], [ 6.036867532903512, 51.672830223050831 ], [ 6.033725870122462, 51.674865505782805 ], [ 6.03072258784207, 51.67711324256215 ], [ 6.02977233635703, 51.678230914745278 ], [ 6.030581015319036, 51.683002199174616 ], [ 6.032505923923552, 51.683777994471782 ], [ 6.03248219717922, 51.684020439779452 ], [ 6.028309121978473, 51.689293107315272 ], [ 6.028160929599471, 51.689630882802213 ], [ 6.028913602552685, 51.689702289093354 ], [ 6.029721122643038, 51.689918842876381 ], [ 6.030339583266061, 51.690185469043115 ], [ 6.03073767256613, 51.690586833848116 ], [ 6.03113139440579, 51.69150310706803 ], [ 6.031532293316625, 51.691875959361163 ], [ 6.031771246052084, 51.692256994006925 ], [ 6.031771066706141, 51.692729139169352 ], [ 6.031457354086655, 51.693346812052141 ], [ 6.031162988091535, 51.694237061368355 ], [ 6.031061885200386, 51.695034465667234 ], [ 6.031122138026671, 51.69559474160576 ], [ 6.031205823232187, 51.696022117724922 ], [ 6.030875352536382, 51.697517785581262 ], [ 6.030612418599689, 51.698253452117214 ], [ 6.029963432512217, 51.698754223445469 ], [ 6.029137474411099, 51.699112731179369 ], [ 6.028315513306566, 51.699708624465856 ], [ 6.027892812876501, 51.70040434932779 ], [ 6.027858763815405, 51.701030051726569 ], [ 6.028088152898282, 51.701750450902431 ], [ 6.028147900479087, 51.702532213293836 ], [ 6.027893168602627, 51.703183456705901 ], [ 6.027261324000869, 51.703786538451652 ], [ 6.026951533956029, 51.704164566053258 ], [ 6.027013883288808, 51.704641404630991 ], [ 6.027200515775913, 51.705241566306384 ], [ 6.027160951862672, 51.707036311269277 ], [ 6.026853485366467, 51.707668611903152 ], [ 6.026367372106398, 51.708175531842556 ], [ 6.026231217366682, 51.708729585620503 ], [ 6.026395647011829, 51.709278070434848 ], [ 6.026793076283507, 51.709953990993483 ], [ 6.02744103162822, 51.710300476016478 ], [ 6.028117829567172, 51.710631101698667 ], [ 6.028241172492373, 51.711042462850457 ], [ 6.028281332128022, 51.711467623669677 ], [ 6.028627061466403, 51.711836558472328 ], [ 6.029415842489648, 51.712222248399073 ], [ 6.030888263242156, 51.712751385066142 ], [ 6.031367991947897, 51.712948363039217 ], [ 6.03187848287961, 51.713027272910999 ], [ 6.03230434020156, 51.713186443325377 ], [ 6.032851916935188, 51.713278673102039 ], [ 6.033387350361813, 51.71329890401136 ], [ 6.03398312563926, 51.713094876105941 ], [ 6.034312343014053, 51.712868853874866 ], [ 6.034844927321585, 51.712722050477886 ], [ 6.035506075807767, 51.712830480287984 ], [ 6.036097710962796, 51.712864744232355 ], [ 6.037739392974252, 51.712759800738716 ], [ 6.037839991020115, 51.713693584002627 ], [ 6.039313616934044, 51.713737271413997 ], [ 6.040900277207853, 51.713606361784407 ], [ 6.042043069627836, 51.713303697980017 ], [ 6.043630074797067, 51.714937343741269 ], [ 6.043912195169559, 51.715782575445012 ], [ 6.044985345595634, 51.716979529730281 ], [ 6.042196496734784, 51.718019003550062 ], [ 6.037938711612906, 51.719944895773679 ], [ 6.037717439549813, 51.719459630427963 ], [ 6.038168502014947, 51.718773204134202 ], [ 6.038441618685065, 51.718139675270741 ], [ 6.037144623237588, 51.718054957912081 ], [ 6.035431018031864, 51.71771603652298 ], [ 6.034726673995578, 51.72020516928746 ], [ 6.034848364263032, 51.721494207692515 ], [ 6.033629272180625, 51.721022170052912 ], [ 6.033042048977698, 51.721333828162614 ], [ 6.032684188705202, 51.722047605830504 ], [ 6.032207920811392, 51.723186133476915 ], [ 6.03223955646121, 51.723843087909835 ], [ 6.030983843616287, 51.724511012059274 ], [ 6.029983737282568, 51.72511704825574 ], [ 6.029083902729328, 51.725679176989793 ], [ 6.026757410282328, 51.726497338279877 ], [ 6.024412873630691, 51.727302850189368 ], [ 6.022019030886478, 51.72802299099498 ], [ 6.020969047792924, 51.728352840645321 ], [ 6.019480251665075, 51.728654134251634 ], [ 6.018503965886635, 51.728819832824243 ], [ 6.017447652529914, 51.729018259743356 ], [ 6.01687422914766, 51.729187291859972 ], [ 6.01480346742659, 51.730134156856884 ], [ 6.014059456082801, 51.730475552410056 ], [ 6.012566296149611, 51.731015059190447 ], [ 6.01102272804778, 51.731481095849425 ], [ 6.009766834555089, 51.73175534352854 ], [ 6.007722724246903, 51.732428873708137 ], [ 6.005285405560024, 51.733194736535566 ], [ 6.003877946309303, 51.733642012773416 ], [ 6.003375081083988, 51.733873281371281 ], [ 6.002698073403718, 51.734312542775413 ], [ 6.002207293903935, 51.734615805214403 ], [ 6.001625540677672, 51.734867913925477 ], [ 6.00036129217615, 51.735225211349984 ], [ 5.99970299358964, 51.7354743991921 ], [ 5.9987857946626, 51.736011809996747 ], [ 5.997562466573908, 51.736537561704623 ], [ 5.996634301881308, 51.73699107791029 ], [ 5.995842390269461, 51.737425929977434 ], [ 5.994884495132959, 51.737985609823163 ], [ 5.994222606700276, 51.738270402035369 ], [ 5.992463105307594, 51.738584908793918 ], [ 5.991319013597942, 51.738696306523828 ], [ 5.990140174942943, 51.738770599362724 ], [ 5.988927768839331, 51.738795907156856 ], [ 5.987595863429542, 51.738864337269106 ], [ 5.986739917359952, 51.738974760312097 ], [ 5.985640261580483, 51.73921895666588 ], [ 5.984983867700145, 51.739253520278247 ], [ 5.983756990550231, 51.739042768920662 ], [ 5.982694979674069, 51.73890682942443 ], [ 5.981554089011502, 51.738791713333541 ], [ 5.980522112760002, 51.73874036345542 ], [ 5.979334723078904, 51.738706913091328 ], [ 5.978506138044219, 51.738734859669265 ], [ 5.977554511499759, 51.738841559597049 ], [ 5.976213157647938, 51.739004887841055 ], [ 5.97465897969638, 51.739183906617306 ], [ 5.973555452720584, 51.739272840370937 ], [ 5.972407498490824, 51.739228905813683 ], [ 5.970924601859522, 51.739076748621912 ], [ 5.969582724576383, 51.73885843221791 ], [ 5.969017953229002, 51.738550635824382 ], [ 5.968565863372182, 51.738461776381683 ], [ 5.968142594981919, 51.738469407660595 ], [ 5.966817989673198, 51.73865711962253 ], [ 5.965889011801302, 51.738728823920709 ], [ 5.962685663941084, 51.738689452924334 ], [ 5.961105003561929, 51.738748044057893 ], [ 5.960502236435109, 51.738629523589545 ], [ 5.959080140081668, 51.738253001048541 ], [ 5.95753676828176, 51.738515676414231 ], [ 5.956797916786813, 51.738606535548968 ], [ 5.955123398196946, 51.73806526105291 ], [ 5.954945664710144, 51.738499605173594 ], [ 5.954931641197327, 51.738832927978201 ], [ 5.954737139232711, 51.739242780652773 ], [ 5.954617793691415, 51.739476666005828 ], [ 5.953825620122597, 51.740102021446503 ], [ 5.953556940482819, 51.740485173887393 ], [ 5.953061209053937, 51.741026530170977 ], [ 5.953125647761828, 51.741525482673552 ], [ 5.952470110553339, 51.742275410916044 ], [ 5.952488821238251, 51.742961126754096 ], [ 5.952636808579555, 51.74366082507413 ], [ 5.952845117409294, 51.745065863592686 ], [ 5.952950754529637, 51.745899129202179 ], [ 5.952936559169528, 51.746187002736669 ], [ 5.952896658943841, 51.747023687146786 ], [ 5.953015466676406, 51.747433842775273 ], [ 5.953192135990061, 51.747846221920128 ], [ 5.952021667313868, 51.749099118252282 ], [ 5.952663201466567, 51.749484996418019 ], [ 5.954871083015495, 51.750812945612594 ], [ 5.955308761018611, 51.750842153255149 ], [ 5.956774965288417, 51.751893025378756 ], [ 5.957870147731158, 51.7515058275578 ], [ 5.97019316600508, 51.757307497571858 ], [ 5.974116956232462, 51.7592392943031 ], [ 5.97495918621983, 51.759047238550941 ], [ 5.97638998398211, 51.759600305793697 ], [ 5.977055836650287, 51.759774691720665 ], [ 5.978643045735228, 51.759960509431714 ], [ 5.990529297412857, 51.766244831306288 ], [ 5.991522565615186, 51.769159214845246 ], [ 5.99161996784327, 51.77003651729185 ], [ 5.990698985413718, 51.769602749607287 ], [ 5.986912386763929, 51.772149568748979 ], [ 5.982323473241021, 51.773668946069385 ], [ 5.98355569954487, 51.774812355968237 ], [ 5.984072277395089, 51.77676138297641 ], [ 5.984494799839984, 51.777922120623558 ], [ 5.983447132088388, 51.778669135715099 ], [ 5.990531851533287, 51.783187680724126 ], [ 5.989520465734517, 51.783953938054417 ], [ 5.987652390682675, 51.783008527141753 ], [ 5.984781295727765, 51.784413213385086 ], [ 5.984661969887036, 51.785030541877013 ], [ 5.981819998285663, 51.784138830616513 ], [ 5.980462855122357, 51.785669324456869 ], [ 5.979390160088267, 51.785952309196901 ], [ 5.974578557150023, 51.78504588958824 ], [ 5.974537467878447, 51.78606595917207 ], [ 5.974002924674331, 51.788412742770404 ], [ 5.975031598880603, 51.788775990146178 ], [ 5.972617638520654, 51.789536689239569 ], [ 5.976715046437352, 51.794216443779348 ], [ 5.974797144358179, 51.79502215512818 ], [ 5.974375163959839, 51.795628979864119 ], [ 5.978174333828674, 51.79723178914135 ], [ 5.974039497229795, 51.799505106397355 ], [ 5.968947182890842, 51.802618108960857 ], [ 5.966836682300797, 51.804249793018514 ], [ 5.965677135426994, 51.804944463970912 ], [ 5.965610064699453, 51.805617857775346 ], [ 5.964674701804448, 51.80610479392287 ], [ 5.96191552519442, 51.807531307937857 ], [ 5.958564701054742, 51.808619634505192 ], [ 5.956735342821426, 51.809613010597481 ], [ 5.95579711419943, 51.810126811536563 ], [ 5.954533503619753, 51.810258593990717 ], [ 5.949451813805723, 51.810766519524933 ], [ 5.948134177560774, 51.811292728893797 ], [ 5.948736989199074, 51.812244218926359 ], [ 5.948296267116706, 51.812434584996097 ], [ 5.946510658333618, 51.813132070428843 ], [ 5.946100691837787, 51.814468253776134 ], [ 5.945837811145781, 51.81520622309305 ], [ 5.948115848570413, 51.816572873785404 ], [ 5.949578211378585, 51.815397116068176 ], [ 5.950635017326027, 51.816160653100454 ], [ 5.952775061135887, 51.814755583110568 ], [ 5.954593771820954, 51.815899469925114 ], [ 5.955622319640256, 51.815518813838473 ], [ 5.956538234703793, 51.816103723081937 ], [ 5.956864403191552, 51.81633253809656 ], [ 5.957653511081696, 51.816856592840168 ], [ 5.957807209543359, 51.817156022129247 ], [ 5.945029569669297, 51.823656342852438 ], [ 5.946416392430405, 51.824627791613914 ], [ 5.949592633383144, 51.827015568709506 ], [ 5.954921467331109, 51.831020826110638 ], [ 5.962890416244158, 51.836791701425959 ], [ 5.964586239829471, 51.835998132200281 ], [ 5.966974495591125, 51.834744560373423 ], [ 5.970052815330081, 51.833517318796048 ], [ 5.970811727403569, 51.833317397156122 ], [ 5.971602458762147, 51.833261762795097 ], [ 5.972476703287751, 51.833295158857929 ], [ 5.973494661570158, 51.833276806180955 ], [ 5.974992594539496, 51.833076461671574 ], [ 5.976352476672452, 51.832870830283632 ], [ 5.97710851646614, 51.832699375308842 ], [ 5.978013920594367, 51.832419152736811 ], [ 5.979004872201143, 51.83228999189545 ], [ 5.98181452781029, 51.831820093587851 ], [ 5.983277684468086, 51.831503862028129 ], [ 5.984798147810205, 51.831075336369722 ], [ 5.985893172126392, 51.83074504993354 ], [ 5.987020054902849, 51.83055904156106 ], [ 5.988173151312527, 51.830574325778358 ], [ 5.99129624205792, 51.830750396796986 ], [ 5.993681745303706, 51.830830076717028 ], [ 5.995039170794283, 51.831002405652427 ], [ 5.996748144278089, 51.831234266287275 ], [ 5.997942218408652, 51.831613464092364 ], [ 5.999061972965388, 51.831965981794077 ], [ 6.000159847884557, 51.832150738623113 ], [ 6.001643522879884, 51.832326281659419 ], [ 6.002578647026914, 51.832600221168342 ], [ 6.003691420056324, 51.833023964111447 ], [ 6.004391804366255, 51.833336674910989 ], [ 6.00508515725793, 51.833720650666265 ], [ 6.006241019205178, 51.834098310522045 ], [ 6.007893055596074, 51.834518608151186 ], [ 6.009540432933352, 51.834986395922634 ], [ 6.01021426335692, 51.835178836086314 ], [ 6.010957761760708, 51.835445447099517 ], [ 6.013229860296227, 51.836604503438025 ], [ 6.01442693676891, 51.837254412694016 ], [ 6.015423033946518, 51.837784369701936 ], [ 6.016039849452225, 51.838165379402071 ], [ 6.01630450098001, 51.838604602074383 ], [ 6.016765923860214, 51.840171986652479 ], [ 6.016975854690751, 51.84077605363241 ], [ 6.017353245820147, 51.84124338037708 ], [ 6.018013157713155, 51.841578316006888 ], [ 6.018734834821315, 51.841677131238981 ], [ 6.0193578369439, 51.841605297980301 ], [ 6.020086537651715, 51.841632835288216 ], [ 6.020609438323649, 51.841795662690487 ], [ 6.02112766601084, 51.84200600137126 ], [ 6.022781067612708, 51.842807645799596 ], [ 6.029023715389845, 51.845093877296513 ], [ 6.032606983548662, 51.842319876752505 ], [ 6.033359788530722, 51.843278186513949 ], [ 6.0350096451776, 51.842865230780255 ], [ 6.03676962547652, 51.844071635813094 ], [ 6.040519887216816, 51.846186403346366 ], [ 6.041988384645114, 51.847066362609326 ], [ 6.047850813902746, 51.849402819108171 ], [ 6.050291937149005, 51.850424377328309 ], [ 6.054744347207395, 51.852141242743855 ], [ 6.055267492423795, 51.852303916822976 ], [ 6.055318678803052, 51.852568121964559 ], [ 6.051808154176707, 51.856631775322946 ], [ 6.053940435991637, 51.857213780036588 ], [ 6.055305389785495, 51.857431849359749 ], [ 6.056801707133306, 51.857487915096947 ], [ 6.059523624486993, 51.85758346305424 ], [ 6.059903358075771, 51.860026206832245 ], [ 6.060394030485342, 51.861318274742956 ], [ 6.061486131311066, 51.861256995264945 ], [ 6.062484371791504, 51.863556332262654 ], [ 6.063382485142649, 51.865443933424544 ], [ 6.070111039917411, 51.862516656252012 ], [ 6.078941170760499, 51.85822687997004 ], [ 6.08457810601644, 51.854882401077603 ], [ 6.093415331627807, 51.850939533958645 ], [ 6.09934220162168, 51.849485731468491 ], [ 6.106982279593615, 51.848360903225235 ], [ 6.114508910460984, 51.847671431577702 ], [ 6.130125188205705, 51.847638994313527 ], [ 6.136292048195682, 51.847208256427365 ], [ 6.143616703583154, 51.846080811581338 ], [ 6.166407643075321, 51.840834717570864 ], [ 6.166142723487803, 51.843245491531462 ], [ 6.1659758727253, 51.84545781890602 ], [ 6.165613025621036, 51.850268185805909 ], [ 6.164291706939771, 51.851974017836056 ], [ 6.163662848815724, 51.853505825085378 ], [ 6.163714277462993, 51.854116523880343 ], [ 6.164415429432392, 51.859278526295874 ], [ 6.165073849929209, 51.859852271663399 ], [ 6.166191708644505, 51.860350360471998 ], [ 6.166708222031549, 51.860617815692336 ], [ 6.166815206399293, 51.860969741462718 ], [ 6.166485468727346, 51.861411822107641 ], [ 6.165134542319429, 51.861753522946955 ], [ 6.164276544948954, 51.862119900720415 ], [ 6.163543290481354, 51.862441116618228 ], [ 6.162481749541038, 51.862626032036083 ], [ 6.16130717118484, 51.862943525106239 ], [ 6.160363188458795, 51.86336887886425 ], [ 6.15963333977694, 51.863864205480048 ], [ 6.158880018694741, 51.864184660395999 ], [ 6.158211442852394, 51.864458495139388 ], [ 6.157487790967773, 51.86472946143288 ], [ 6.156018272940571, 51.86555494202031 ], [ 6.154597550308863, 51.865869278828399 ], [ 6.153064098977697, 51.866124512907128 ], [ 6.151778740896508, 51.866260591532303 ], [ 6.150951382995964, 51.866248582488055 ], [ 6.150162041418759, 51.866457782792814 ], [ 6.149291012170527, 51.866902122626279 ], [ 6.148938499323338, 51.867493704056812 ], [ 6.148530498255397, 51.868046613273101 ], [ 6.147893574289122, 51.868517849681993 ], [ 6.146934020675269, 51.868958926719515 ], [ 6.145906961875357, 51.869177696591962 ], [ 6.14508805752271, 51.869385780700775 ], [ 6.144510057357826, 51.869859163595819 ], [ 6.144593260331397, 51.870375136951068 ], [ 6.144635091716278, 51.871458024837267 ], [ 6.14356507566339, 51.873509355672162 ], [ 6.143449647266911, 51.87592914761877 ], [ 6.142935438512986, 51.877039198047605 ], [ 6.14178443738417, 51.87899968725015 ], [ 6.141244042059287, 51.879814320785272 ], [ 6.140355845633128, 51.880640018346305 ], [ 6.139534921577677, 51.881968871579488 ], [ 6.138836327825528, 51.882825368187973 ], [ 6.138160508879463, 51.883444275486035 ], [ 6.138022160596345, 51.884082934265443 ], [ 6.137946912339742, 51.884866966912043 ], [ 6.137377108193648, 51.88558513623795 ], [ 6.136486833504615, 51.886029255449721 ], [ 6.135526596492515, 51.886399267857563 ], [ 6.134318125398986, 51.886545561010557 ], [ 6.133272355158633, 51.886602459168046 ], [ 6.131959680568844, 51.88703100470677 ], [ 6.131019508945377, 51.887592460859267 ], [ 6.130311971369649, 51.888138634021928 ], [ 6.129279419580989, 51.888458251564977 ], [ 6.128253709824827, 51.888706586140444 ], [ 6.127390250434492, 51.889270842575797 ], [ 6.124812157696677, 51.890034170148873 ], [ 6.123723323307839, 51.89013708466652 ], [ 6.122456230101617, 51.890090359767889 ], [ 6.1216402255704, 51.890560956976785 ], [ 6.120491837896044, 51.891281554555142 ], [ 6.116347795631254, 51.892296873855713 ], [ 6.114332739052436, 51.892413180949241 ], [ 6.112586460400318, 51.892539389222328 ], [ 6.107692785171039, 51.891738491040172 ], [ 6.105815899594662, 51.891621338040302 ], [ 6.103341256737685, 51.892616972386797 ], [ 6.108536401864997, 51.894170017685482 ], [ 6.109744162673595, 51.894935608201102 ], [ 6.109221987507705, 51.895817438997511 ], [ 6.112015060926417, 51.899067560037864 ], [ 6.11494545286785, 51.897705902718258 ], [ 6.118046670969258, 51.90166963604058 ], [ 6.120917776456369, 51.900504956976164 ], [ 6.12283131990384, 51.899454395310876 ], [ 6.125523171293318, 51.898309389383279 ], [ 6.129057682721013, 51.899478124397156 ], [ 6.133605424488777, 51.900485903032369 ], [ 6.137690967079156, 51.901262636114325 ], [ 6.151466919760395, 51.904029801811291 ], [ 6.152948833903299, 51.904327357548731 ], [ 6.154209342533363, 51.904640207714877 ], [ 6.15470368713008, 51.905156565015183 ], [ 6.157174460711602, 51.905222047628328 ], [ 6.159324705862459, 51.903751558352077 ], [ 6.162316044685654, 51.900938086399151 ], [ 6.163147931226043, 51.901136636246619 ], [ 6.165483074186248, 51.898778138732546 ], [ 6.167765992893679, 51.900804561774578 ], [ 6.168636950225522, 51.900764814751312 ], [ 6.169563978945544, 51.901340977164651 ], [ 6.174269217361839, 51.898845473946011 ], [ 6.18579298970463, 51.89273169086416 ], [ 6.187119537431985, 51.892298187903819 ], [ 6.191121480601696, 51.891644840415886 ], [ 6.191209443488467, 51.891123525597393 ], [ 6.189452767279515, 51.888925946301057 ], [ 6.189976774397917, 51.888496421617312 ], [ 6.191374498022247, 51.887350669821956 ], [ 6.187131818827038, 51.886954098129735 ], [ 6.185951533732044, 51.886843746197613 ], [ 6.181897889041436, 51.885903948441474 ], [ 6.182769285636074, 51.884795513076853 ], [ 6.183661668073962, 51.883607331876767 ], [ 6.185242670827527, 51.881502105184985 ], [ 6.19167713545963, 51.877059215853244 ], [ 6.192610629154501, 51.876426297832957 ], [ 6.195898275281865, 51.874608252864398 ], [ 6.202752194414567, 51.871711885195047 ], [ 6.205306537462094, 51.870675763930386 ], [ 6.206157959301676, 51.870330377878759 ], [ 6.208474231050656, 51.869540132770879 ], [ 6.214119874829259, 51.868063023412937 ], [ 6.215439031376476, 51.867795968276965 ], [ 6.216639199051864, 51.867810695676816 ], [ 6.218435423215585, 51.867875532329208 ], [ 6.220552100409463, 51.868161429320303 ], [ 6.223637685691653, 51.868578122205136 ], [ 6.225599420457741, 51.86884907812972 ], [ 6.229504213705525, 51.869590479025575 ], [ 6.232926554619739, 51.870056917867799 ], [ 6.234078052483182, 51.870098325058429 ], [ 6.235345742396039, 51.869886418096769 ], [ 6.237125421858436, 51.869635677096447 ], [ 6.23840110208367, 51.86933820048467 ], [ 6.23938705123916, 51.869173348968985 ], [ 6.240538532622192, 51.869214693543405 ], [ 6.241427012038342, 51.869103544262018 ], [ 6.24203379267424, 51.869039496305909 ], [ 6.242982347884771, 51.869273794289725 ], [ 6.244608465580438, 51.869675431216898 ], [ 6.245651836863098, 51.869884498997102 ], [ 6.24643485955361, 51.869912573197368 ], [ 6.247788199987266, 51.86962750330143 ], [ 6.24919665775857, 51.8693918877565 ], [ 6.255237022551861, 51.868630692940577 ], [ 6.256872379601425, 51.86843886622043 ], [ 6.259214198775697, 51.868167189382135 ], [ 6.261766006832995, 51.868128155024571 ], [ 6.265468454207024, 51.869942429666871 ], [ 6.268741732402095, 51.873397143328482 ], [ 6.269822419672506, 51.874076288054908 ], [ 6.271196481255995, 51.874529861755413 ], [ 6.272873277874196, 51.874657039993217 ], [ 6.274339161935052, 51.874709250373414 ], [ 6.276146415196306, 51.874605012148749 ], [ 6.278189551217707, 51.874306842713381 ], [ 6.279517512191235, 51.874084351895547 ], [ 6.281486321092454, 51.873412605174842 ], [ 6.282698127103218, 51.872680209376291 ], [ 6.283891197784356, 51.87214943254866 ], [ 6.285219067853309, 51.871926878709452 ], [ 6.286926948601388, 51.871717803158433 ], [ 6.288889320599559, 51.871113144715913 ], [ 6.290806685625507, 51.870405710153989 ], [ 6.292784497557544, 51.86963295842061 ], [ 6.294165096157663, 51.86883900741055 ], [ 6.295686751733648, 51.868286051730713 ], [ 6.297295196458833, 51.867972162260145 ], [ 6.298936168332917, 51.867895414304549 ], [ 6.298976532011854, 51.86745853799183 ], [ 6.298793548708978, 51.867081185239023 ], [ 6.298297289996849, 51.866557874308612 ], [ 6.298139159180198, 51.865911673012292 ], [ 6.298300513345508, 51.865344217829232 ], [ 6.299435823630493, 51.864844967104993 ], [ 6.300450132133084, 51.864476286558528 ], [ 6.300448675229967, 51.862723013111157 ], [ 6.302484957377234, 51.857771424561314 ], [ 6.302243067548863, 51.856852537215538 ], [ 6.303457169827767, 51.85372620829208 ], [ 6.30462933058462, 51.85282363193474 ], [ 6.305289773861315, 51.851565789808639 ], [ 6.306560847643546, 51.849215438261382 ], [ 6.30868215834335, 51.849831494155865 ], [ 6.310005355343918, 51.850092804361914 ], [ 6.311375689687526, 51.850260406004182 ], [ 6.313516726076443, 51.850461309686658 ], [ 6.315648973625922, 51.850673481648151 ], [ 6.31753904176623, 51.851050060367541 ], [ 6.318821771369637, 51.85133368100162 ], [ 6.320081430910022, 51.851449599248156 ], [ 6.321350335032663, 51.851427628545515 ], [ 6.323371219695134, 51.851333012511752 ], [ 6.324913771248896, 51.85133194770156 ], [ 6.326621923373342, 51.851475129322061 ], [ 6.328540751238884, 51.851514944637657 ], [ 6.331537246743964, 51.851533814516756 ], [ 6.333191973366776, 51.851498472987728 ], [ 6.33515330796862, 51.851318173168742 ], [ 6.336739612339101, 51.851083147106571 ], [ 6.338462119988227, 51.850825191968518 ], [ 6.339598959730923, 51.850615888525439 ], [ 6.340406169740051, 51.850588826355796 ], [ 6.341025841176878, 51.850645281985813 ], [ 6.342151345425401, 51.850747813577357 ], [ 6.343112007036652, 51.85082213031091 ], [ 6.34442541349349, 51.850881999884621 ], [ 6.34681181702387, 51.850647184887492 ], [ 6.347591041788021, 51.850374243750032 ], [ 6.348371788838082, 51.850043995003475 ], [ 6.349302750979092, 51.849754757129404 ], [ 6.350497952126971, 51.849522434332172 ], [ 6.351869053406671, 51.849260494821181 ], [ 6.352998321367647, 51.848906649212829 ], [ 6.354246579572063, 51.848568116169531 ], [ 6.356677026604349, 51.847819455568072 ], [ 6.357836225028818, 51.847347419037185 ], [ 6.359302902589086, 51.846457013932877 ], [ 6.360171322042725, 51.845796014256202 ], [ 6.360750889980482, 51.845136846301315 ], [ 6.361292331482049, 51.84467083316887 ], [ 6.361455412431554, 51.844530469044081 ], [ 6.362631113132595, 51.842707412879243 ], [ 6.363234061128325, 51.840818391009442 ], [ 6.363962990465847, 51.838534456440804 ], [ 6.363725435749478, 51.837981917690456 ], [ 6.36294024749766, 51.836230078458911 ], [ 6.370023658434377, 51.833578965654169 ], [ 6.371452436846877, 51.834195733843124 ], [ 6.372920348688758, 51.834556739900783 ], [ 6.373942356384851, 51.834685458488515 ], [ 6.375012779515954, 51.834820264606989 ], [ 6.377079795411821, 51.834939838069218 ], [ 6.379121375213733, 51.834915460686688 ], [ 6.380628092943552, 51.834848628274919 ], [ 6.381830093576097, 51.834747355343893 ], [ 6.382388607863945, 51.834528370929647 ], [ 6.382989773675106, 51.834263188448396 ], [ 6.383995667377635, 51.834202761016726 ], [ 6.385589812560797, 51.834019710779877 ], [ 6.386915443608355, 51.833827324650272 ], [ 6.388209146974696, 51.833562302523909 ], [ 6.389543072917056, 51.833272245873054 ], [ 6.389811148843439, 51.832928854621358 ], [ 6.390484670065744, 51.832713821082351 ], [ 6.391113393833581, 51.832568745532797 ], [ 6.391791194035639, 51.832306177763158 ], [ 6.392217656267206, 51.831844192700721 ], [ 6.392382056570537, 51.831301612729042 ], [ 6.39310033115505, 51.831016601972422 ], [ 6.393731165863958, 51.830847748971777 ], [ 6.394417502074013, 51.830490110463671 ], [ 6.395063328814835, 51.830154903351612 ], [ 6.395683428735056, 51.830104859141464 ], [ 6.396384521871879, 51.830009939055451 ], [ 6.397413868259219, 51.829687994693572 ], [ 6.398814082924277, 51.829092817187153 ], [ 6.39976882522619, 51.828744435018713 ], [ 6.400742816580839, 51.828182169107571 ], [ 6.401752482313388, 51.827292285075117 ], [ 6.407779667450212, 51.828091938793293 ], [ 6.410419926789227, 51.825894626345551 ], [ 6.411692523923837, 51.824352843755179 ], [ 6.412714651066964, 51.822523117321445 ], [ 6.413869573842158, 51.820508761395502 ], [ 6.414601541727246, 51.819966392230455 ], [ 6.416714368625836, 51.819102208386909 ], [ 6.419249011134201, 51.818396665642069 ], [ 6.422457514781, 51.81828185447192 ], [ 6.426895009905089, 51.818972581067207 ], [ 6.427487824759996, 51.817505487822125 ], [ 6.425629414809799, 51.817641852149187 ], [ 6.426012683272055, 51.816453611541462 ], [ 6.421442115291356, 51.815985532229469 ], [ 6.42126813996286, 51.814357833395846 ], [ 6.421009991880407, 51.813049145822191 ], [ 6.423167941082877, 51.812296959845 ], [ 6.424256267223646, 51.811505521333977 ], [ 6.424514039610559, 51.810509416567022 ], [ 6.419967565590162, 51.810150924018494 ], [ 6.420363380856984, 51.809499647104424 ], [ 6.420987917789571, 51.808522532239913 ], [ 6.421876141118761, 51.806986028373295 ], [ 6.422972422587359, 51.805564883609897 ], [ 6.426161914526157, 51.806017849691926 ], [ 6.428843691886927, 51.805716952774972 ], [ 6.430265802673178, 51.803984883297254 ], [ 6.433137875430303, 51.802824873686923 ], [ 6.436423443052033, 51.803022044452604 ], [ 6.440291118562448, 51.803842524368505 ], [ 6.442601300793831, 51.803807236411863 ], [ 6.442567741667466, 51.803148174706763 ], [ 6.444282430361776, 51.803063857304295 ], [ 6.44730678022829, 51.804016452769019 ], [ 6.449251864160777, 51.804541395762676 ], [ 6.452023883484212, 51.803463337682757 ], [ 6.454510837962481, 51.804034556189727 ], [ 6.458756040799161, 51.804551283554375 ], [ 6.460012426506703, 51.804144737110818 ], [ 6.465482069637166, 51.804903193837383 ], [ 6.468104546315025, 51.805635917749761 ], [ 6.472362697008013, 51.807114093077438 ], [ 6.477436575529649, 51.809232420872945 ], [ 6.48387112603255, 51.811420319850725 ], [ 6.486964870686255, 51.812267209641256 ], [ 6.490211818100962, 51.81137710947759 ], [ 6.495297183830542, 51.81139591318621 ], [ 6.499188241910309, 51.811778743192079 ], [ 6.502122194117987, 51.812301349218821 ], [ 6.511195871979443, 51.813458700045985 ], [ 6.513750063495039, 51.814945931171081 ], [ 6.516484629522844, 51.817015545956032 ], [ 6.517955432125794, 51.81646906981036 ], [ 6.519479091564878, 51.815757500661874 ], [ 6.52097060586847, 51.814819203268364 ], [ 6.521707881979919, 51.814098061558816 ], [ 6.521856198143208, 51.813749865707287 ], [ 6.522056223174734, 51.813280264417784 ], [ 6.522154560556059, 51.812682898991483 ], [ 6.521945766353317, 51.811903606852411 ], [ 6.521988125085582, 51.811418774570726 ], [ 6.522447065738371, 51.81091932270396 ], [ 6.52312608261779, 51.810541667117811 ], [ 6.523746626298749, 51.810305062211263 ], [ 6.524804185893877, 51.810200196751801 ], [ 6.526246676232923, 51.809825160368568 ], [ 6.527319815303581, 51.80951880520341 ], [ 6.527793327794778, 51.809255404778014 ], [ 6.532173344542591, 51.80669049433584 ], [ 6.533206783643071, 51.806004390978003 ], [ 6.534484132663551, 51.805020143818275 ], [ 6.535477572345705, 51.804458806932153 ], [ 6.536384051732642, 51.80389455356481 ], [ 6.537798769785482, 51.803167114834849 ], [ 6.540564649201147, 51.801773128111897 ], [ 6.541748922615444, 51.801211375995571 ], [ 6.542737249072122, 51.800986964621188 ], [ 6.543265559766656, 51.800747183075131 ], [ 6.5437117725884, 51.800390247055347 ], [ 6.544523503648518, 51.800074116530126 ], [ 6.545465792105118, 51.799848145715409 ], [ 6.546456546490628, 51.79959518228295 ], [ 6.547301866386427, 51.799423167949115 ], [ 6.547929557570226, 51.79910087440669 ], [ 6.548567137224338, 51.798664496986184 ], [ 6.549762401871104, 51.79836043256158 ], [ 6.550393242264706, 51.798353551715287 ], [ 6.551131691543271, 51.798349564138078 ], [ 6.551841448083024, 51.798144397679458 ], [ 6.552161910951084, 51.797965969713545 ], [ 6.552471561409539, 51.797793559742836 ], [ 6.552988387330573, 51.79715291793984 ], [ 6.553461671686463, 51.796482222102803 ], [ 6.553825655423565, 51.796008101995852 ], [ 6.554601122657905, 51.795576287868343 ], [ 6.555359285970785, 51.795344110752012 ], [ 6.556197085351287, 51.795257593675117 ], [ 6.557497306036888, 51.795157858014932 ], [ 6.558175797779326, 51.794779999705085 ], [ 6.558917546444133, 51.794204023971709 ], [ 6.559547098573287, 51.793649540940294 ], [ 6.56087759283216, 51.792711846692583 ], [ 6.561593655129812, 51.792159101838998 ], [ 6.564681474243172, 51.793243660168656 ], [ 6.568752651463897, 51.789811415059248 ], [ 6.572406854004572, 51.79236382690388 ], [ 6.570860584359713, 51.794872120385186 ], [ 6.575934760792362, 51.795670899292062 ], [ 6.577854651090162, 51.79513991242532 ], [ 6.579903042615104, 51.795300721180453 ], [ 6.582310182645837, 51.792520141756377 ], [ 6.583950518994097, 51.79335069213316 ], [ 6.586659534052273, 51.795366773492098 ], [ 6.586121823264614, 51.795935361288628 ], [ 6.587723834618849, 51.7966175175073 ], [ 6.587149137086592, 51.797184866765257 ], [ 6.588136893546737, 51.799648645068714 ], [ 6.590161462335114, 51.799172036943787 ], [ 6.591645806605908, 51.801981094280684 ], [ 6.592756603957414, 51.802260832342796 ], [ 6.595845266503653, 51.800889666377579 ], [ 6.601753912068318, 51.799768536946893 ], [ 6.607978393860598, 51.799988923641976 ], [ 6.608193501043747, 51.794410828173262 ], [ 6.60958118999536, 51.794492439773457 ], [ 6.611823624945083, 51.794602090659488 ], [ 6.615059280786176, 51.795500969075412 ], [ 6.617544107159921, 51.795281770174569 ], [ 6.621505240347029, 51.796576958582712 ], [ 6.622300767268684, 51.797382436083353 ], [ 6.630212719114493, 51.798727960869066 ], [ 6.632182810209299, 51.799322193531154 ], [ 6.63882391212178, 51.798106508699803 ], [ 6.64031156512327, 51.797524412289967 ], [ 6.648673141341413, 51.793823951188642 ], [ 6.651967357125677, 51.792214561522748 ], [ 6.65246963080454, 51.791358830643659 ], [ 6.654165969239763, 51.791140314141096 ], [ 6.656521710376565, 51.789989191823523 ], [ 6.658091884722706, 51.789224655351781 ], [ 6.659248595806123, 51.788140909931933 ], [ 6.660835240158913, 51.787066341723602 ], [ 6.661009439231647, 51.78634479097785 ], [ 6.665146303070258, 51.783218341708213 ], [ 6.667304484289025, 51.778940931034384 ], [ 6.6684767911635, 51.777062632552671 ], [ 6.669476385845956, 51.777237971366787 ], [ 6.675369677974608, 51.777886046303863 ], [ 6.691229313040034, 51.777620685560379 ], [ 6.695297873567446, 51.777552268584969 ], [ 6.697755447929382, 51.777510874369305 ], [ 6.699953561353897, 51.777446308144405 ], [ 6.700874654746737, 51.778486642702376 ], [ 6.701975222771297, 51.779673027315383 ], [ 6.706410745989825, 51.780643895764477 ], [ 6.708531797746711, 51.78106870652708 ], [ 6.71244824733704, 51.779992833685831 ], [ 6.714071955867106, 51.779873149981889 ], [ 6.714163416591057, 51.778217302149308 ], [ 6.712651673742851, 51.775881002592463 ], [ 6.709389489875955, 51.775037369011855 ], [ 6.707829018536513, 51.774710607910265 ], [ 6.708391842759243, 51.773412034145885 ], [ 6.708242997482789, 51.771921394765059 ], [ 6.708703330813791, 51.771818907933756 ], [ 6.71362490260117, 51.770723046111364 ], [ 6.721684777720991, 51.769124909803814 ], [ 6.722513281691286, 51.76841271349295 ], [ 6.740226760362694, 51.769667077870139 ], [ 6.741531835038238, 51.770051697912457 ], [ 6.744135750600227, 51.769938241246805 ], [ 6.746688239496955, 51.770129453664325 ], [ 6.749145558867445, 51.771637262710939 ], [ 6.74938193367452, 51.773246286442458 ], [ 6.753421804856411, 51.775483773501151 ], [ 6.755719082770996, 51.775799628929271 ], [ 6.757596119837903, 51.776282308655688 ], [ 6.758289082523717, 51.776331226598067 ], [ 6.758884695216704, 51.775977759496499 ], [ 6.760873789883502, 51.774210264971494 ], [ 6.762295331603922, 51.773740364141716 ], [ 6.76311442380913, 51.77330863602414 ], [ 6.764117432902323, 51.771195388576345 ], [ 6.769174008119562, 51.766108963723333 ], [ 6.768871581422418, 51.765369834440186 ], [ 6.768799133289669, 51.764836114482861 ], [ 6.76889749500052, 51.764343806792802 ], [ 6.76910014869271, 51.763818755815294 ], [ 6.769305003470227, 51.763266751675083 ], [ 6.769288262409397, 51.762761809258414 ], [ 6.769157617916612, 51.761874966120224 ], [ 6.768981058070755, 51.760662408377804 ], [ 6.769002327648819, 51.759870425782317 ], [ 6.769051589035562, 51.759268481032066 ], [ 6.769254218414025, 51.758743428869046 ], [ 6.769826796247489, 51.757599514299045 ], [ 6.770432194971126, 51.75623144589045 ], [ 6.770851426497167, 51.755542074402165 ], [ 6.771322672239299, 51.754926399445424 ], [ 6.771815727360901, 51.754221335572936 ], [ 6.772120367632001, 51.75369048473614 ], [ 6.772284651552008, 51.753101168691224 ], [ 6.77230534008042, 51.752138026008055 ], [ 6.771933518091925, 51.751360684448656 ], [ 6.771734671847425, 51.750597797151478 ], [ 6.771734068850257, 51.749895198355134 ], [ 6.77190936177429, 51.749171117582499 ], [ 6.772133212704468, 51.748385513913867 ], [ 6.772732236418722, 51.746738004092549 ], [ 6.772969588715141, 51.746141980425008 ], [ 6.774425532621726, 51.746259880229779 ], [ 6.776740359568024, 51.746521881064666 ], [ 6.77782715194321, 51.746718198754195 ], [ 6.778255495465996, 51.746803728456449 ], [ 6.778468201467001, 51.746864461421303 ], [ 6.779403112663247, 51.747139195912382 ], [ 6.780276245895069, 51.747166640505377 ], [ 6.781103425790968, 51.74719263471161 ], [ 6.781884652193701, 51.747217179493795 ], [ 6.782989887382955, 51.747223296816941 ], [ 6.78376414164192, 51.74733340536924 ], [ 6.784434869320076, 51.747583251540583 ], [ 6.784862608083105, 51.747867715673145 ], [ 6.785038379257442, 51.748302209175591 ], [ 6.785265038231032, 51.748583390907498 ], [ 6.785711044249177, 51.748764212392857 ], [ 6.786204064884358, 51.748839263088144 ], [ 6.787313583670554, 51.748908642606025 ], [ 6.788154507639441, 51.748697875125387 ], [ 6.788630515097033, 51.748510230835983 ], [ 6.788994529484293, 51.748283325065202 ], [ 6.789474397581237, 51.748048134560705 ], [ 6.790085395999886, 51.747852799996963 ], [ 6.790704334446607, 51.74773538142481 ], [ 6.791001790687155, 51.747678949864223 ], [ 6.791319758451923, 51.747545922535146 ], [ 6.791430963741723, 51.747358750948408 ], [ 6.791506434298348, 51.747054231822418 ], [ 6.792494881801859, 51.74621479809025 ], [ 6.794077787540532, 51.744949306195728 ], [ 6.795002384472716, 51.74428469218892 ], [ 6.795793050367318, 51.743660916248452 ], [ 6.796467794509391, 51.743213653964688 ], [ 6.797368251544523, 51.742845508658519 ], [ 6.798409043925489, 51.742535790214838 ], [ 6.799731981608772, 51.742324958158882 ], [ 6.80113610208705, 51.74218655911006 ], [ 6.802110306560516, 51.742102611118455 ], [ 6.803068320239864, 51.742218337688193 ], [ 6.803879241253806, 51.742443853699882 ], [ 6.804612136932366, 51.742495339338916 ], [ 6.805489553434446, 51.743037499269214 ], [ 6.807419501068622, 51.74309773272519 ], [ 6.808099532640709, 51.743233340729056 ], [ 6.809105845155329, 51.743321925980233 ], [ 6.809932973178221, 51.743347718945806 ], [ 6.810746255679264, 51.743544661903044 ], [ 6.811614724979022, 51.743628927466489 ], [ 6.812542987732124, 51.743543462426878 ], [ 6.813420683697649, 51.743513610737885 ], [ 6.81408936890184, 51.743219861694335 ], [ 6.814790166866327, 51.743098696952693 ], [ 6.815837833737389, 51.743245707144411 ], [ 6.816664962731962, 51.743271453054795 ], [ 6.818689239977004, 51.742733884256054 ], [ 6.818418669114144, 51.741079303401534 ], [ 6.819097888376387, 51.738236150853027 ], [ 6.824518631639925, 51.732705677255851 ], [ 6.827102799621011, 51.72978315906829 ], [ 6.832784872140244, 51.731576604337945 ], [ 6.834266716477333, 51.733195392692302 ], [ 6.840102057238277, 51.735663833361258 ], [ 6.841103870406018, 51.736381153468997 ], [ 6.841188531219828, 51.735325666283806 ], [ 6.848828711074955, 51.736725324738053 ], [ 6.849829548352491, 51.735639334408539 ], [ 6.853694979746373, 51.736169272548182 ], [ 6.855447392319814, 51.735565524475305 ], [ 6.855451589190076, 51.734936516352157 ], [ 6.855772834394872, 51.734374467358741 ], [ 6.856119508388495, 51.734070574750824 ], [ 6.856440739277856, 51.733508523781268 ], [ 6.857042174408615, 51.732897904411274 ], [ 6.857733199357792, 51.73231863825508 ], [ 6.858339155881937, 51.731650958068712 ], [ 6.858341035413414, 51.731050476022865 ], [ 6.858030443158436, 51.730325986420411 ], [ 6.858043713005611, 51.729582869024888 ], [ 6.858008766932469, 51.728866863445504 ], [ 6.863756968633804, 51.730528886658689 ], [ 6.869689540419416, 51.732543102251761 ], [ 6.870499660793152, 51.732900875922333 ], [ 6.87599584870454, 51.735481714212717 ], [ 6.885418515232579, 51.737819753606928 ], [ 6.890512048792063, 51.738870836929259 ], [ 6.894378193787256, 51.740087685634904 ], [ 6.901532849833647, 51.742450172123569 ], [ 6.907841111543298, 51.744872856595741 ], [ 6.909384443619653, 51.745748972818376 ], [ 6.910861302883181, 51.746098536714676 ], [ 6.914606667207692, 51.743492344788159 ], [ 6.917274233150348, 51.741199665561332 ], [ 6.920124162314186, 51.738340530650873 ], [ 6.92414903877264, 51.734001266259952 ], [ 6.925751491712719, 51.73216570236778 ], [ 6.924878011836812, 51.731163706878711 ], [ 6.923063698183805, 51.730222398674762 ], [ 6.920837049191399, 51.728668071938863 ], [ 6.921879055667081, 51.728299245986229 ], [ 6.923069866066353, 51.726619496241121 ], [ 6.927394865797226, 51.722546582153925 ], [ 6.930237964446651, 51.721517170378966 ], [ 6.928465388642322, 51.720634384917183 ], [ 6.934512887382128, 51.719352573076961 ], [ 6.937814479332283, 51.718828795857277 ], [ 6.940518348605843, 51.715460570453054 ], [ 6.936825807091922, 51.714405728474254 ], [ 6.937157160338824, 51.704264179874663 ], [ 6.931362014855858, 51.703460015727906 ], [ 6.928808971753495, 51.70311274037536 ], [ 6.925583455671504, 51.702726292085771 ], [ 6.920967014819531, 51.702001996138485 ], [ 6.920909228649203, 51.699226191332166 ], [ 6.915334799804883, 51.698475447838831 ], [ 6.914473920671784, 51.692444096601498 ], [ 6.915712227551708, 51.688392355693182 ], [ 6.915060701227286, 51.687314528925782 ], [ 6.914349868708342, 51.686406476913263 ], [ 6.91434885788357, 51.683489601819936 ], [ 6.912017871212349, 51.678097045279301 ], [ 6.912857230010599, 51.677924376095177 ], [ 6.912315863281849, 51.676701032251884 ], [ 6.905346565462212, 51.677633115452053 ], [ 6.903936526861899, 51.676221177261361 ], [ 6.901935821174995, 51.67587205923985 ], [ 6.900768254631035, 51.675061913638238 ], [ 6.900994605032644, 51.673843873244657 ], [ 6.902733880417514, 51.673464503386853 ], [ 6.905725581658071, 51.672345200836951 ], [ 6.905608464273131, 51.671543449582103 ], [ 6.90507165285214, 51.671554139648926 ], [ 6.904468243442949, 51.671490745959822 ], [ 6.903752056823372, 51.67138788939161 ], [ 6.903128946567691, 51.671206799889156 ], [ 6.902637314455227, 51.671011696068049 ], [ 6.902196115486508, 51.670728056952953 ], [ 6.901897305963934, 51.670475772642789 ], [ 6.901571426319168, 51.670015504853602 ], [ 6.901486963812201, 51.669616629857629 ], [ 6.901482834813502, 51.669301263269197 ], [ 6.901590473631444, 51.668854197335833 ], [ 6.901782391393485, 51.668256580925757 ], [ 6.901923170493743, 51.667756482653921 ], [ 6.901951476382805, 51.667397069297152 ], [ 6.90180638627335, 51.667032375383293 ], [ 6.90161724833432, 51.665528488450391 ], [ 6.900452365594409, 51.665721779182022 ], [ 6.900560645336602, 51.663179947617138 ], [ 6.898276853201937, 51.663567896464521 ], [ 6.897715588163812, 51.66252129110179 ], [ 6.898751776785051, 51.662209717551335 ], [ 6.898761734300719, 51.660454635312043 ], [ 6.897136806903273, 51.660675296904266 ], [ 6.896693652444731, 51.659499885851226 ], [ 6.896420531511419, 51.658535397534763 ], [ 6.894253130480534, 51.65574157202385 ], [ 6.894846552569121, 51.653425675801842 ], [ 6.899629887120036, 51.653399995694208 ], [ 6.899183803007324, 51.649217837518833 ], [ 6.90001019989344, 51.648468432709606 ], [ 6.897322577391749, 51.64674720954946 ], [ 6.898259265247647, 51.645884090806874 ], [ 6.899414394144286, 51.644820465687197 ], [ 6.902008152300761, 51.643503442522025 ], [ 6.901713164333474, 51.641538489377567 ], [ 6.9013714276184, 51.640041023130621 ], [ 6.901929825162392, 51.63934884853915 ], [ 6.900356984270966, 51.637814759636242 ], [ 6.902276103504005, 51.635684557524982 ], [ 6.899998425907659, 51.634831523453769 ], [ 6.896444365263043, 51.634380835189596 ], [ 6.885875151459629, 51.63313904672205 ], [ 6.881857193425913, 51.632700730418073 ], [ 6.875818697471697, 51.631981118923967 ], [ 6.869440520777465, 51.631220668516519 ], [ 6.867745171456138, 51.631147003611048 ], [ 6.867336629134869, 51.630505279565647 ], [ 6.866820553507397, 51.630060429250484 ], [ 6.866350325438184, 51.629616987526255 ], [ 6.866404735138004, 51.62893231231299 ], [ 6.86654855157916, 51.628278985905098 ], [ 6.866912482193982, 51.627746826397107 ], [ 6.867462018469142, 51.627191779780205 ], [ 6.867928933299464, 51.626519796384883 ], [ 6.868015555674868, 51.626007699041274 ], [ 6.8680608728799, 51.625437134958503 ], [ 6.868468332078618, 51.624934908635147 ], [ 6.86905911929228, 51.624438319687627 ], [ 6.869565021295413, 51.623853324633934 ], [ 6.869974714420317, 51.623322564663916 ], [ 6.870435146680612, 51.622821299565054 ], [ 6.871473152643737, 51.622203921505488 ], [ 6.869444875258047, 51.619682582461316 ], [ 6.865288922763686, 51.616627314255375 ], [ 6.861267263371968, 51.614961185207342 ], [ 6.861789631275286, 51.613468594530104 ], [ 6.858805146246291, 51.612971403693486 ], [ 6.856094487988212, 51.612427920421169 ], [ 6.85693177164186, 51.610566286363358 ], [ 6.852817108506156, 51.610324786881691 ], [ 6.85312808276115, 51.609304857542483 ], [ 6.850791352696671, 51.609232614216609 ], [ 6.851114670379402, 51.608198878435559 ], [ 6.851402142108923, 51.607155431431174 ], [ 6.851558233818423, 51.606286544469718 ], [ 6.853131908234054, 51.605236298204204 ], [ 6.857316056182685, 51.602856606957516 ], [ 6.858685527420848, 51.602621423845406 ], [ 6.859763869991092, 51.602113630185222 ], [ 6.862578119590741, 51.600788294023815 ], [ 6.862916867699974, 51.600026666799764 ], [ 6.863729247519585, 51.599594056547659 ], [ 6.864625867775514, 51.598134581157247 ], [ 6.865685749879602, 51.597509479616413 ], [ 6.866163716113074, 51.596694855397772 ], [ 6.865602225908304, 51.596248584156463 ], [ 6.864937804878323, 51.595942129897814 ], [ 6.864094706914895, 51.595572967103543 ], [ 6.863238018522179, 51.595374968213299 ], [ 6.862700662305975, 51.595278528698216 ], [ 6.86246841059134, 51.595236845576011 ], [ 6.862085654121707, 51.594853263764293 ], [ 6.862083333669943, 51.594613301915032 ], [ 6.862080674881054, 51.59433834065544 ], [ 6.861844412592001, 51.59384488248476 ], [ 6.861374604548877, 51.59340141613621 ], [ 6.860980529333795, 51.593160472982404 ], [ 6.860735209893149, 51.592781125642674 ], [ 6.860496701233711, 51.592316192852913 ], [ 6.860031460260224, 51.591815664352126 ], [ 6.859740353888517, 51.591434901332541 ], [ 6.859419340210017, 51.590853025921056 ], [ 6.859240613061575, 51.590154518601906 ], [ 6.8590775004768, 51.589955923616401 ], [ 6.858637669707554, 51.589713557755069 ], [ 6.857877252369425, 51.589461291807929 ], [ 6.857203898376086, 51.589268905615484 ], [ 6.856356442894059, 51.588956744263783 ], [ 6.855923449390824, 51.588628783421591 ], [ 6.855401139398299, 51.588269462344407 ], [ 6.854684288529714, 51.588047119158254 ], [ 6.854161994890974, 51.587687792536755 ], [ 6.853584822796736, 51.587441160544095 ], [ 6.852584121271048, 51.587324421528322 ], [ 6.85158797468321, 51.587150617726834 ], [ 6.850889356854296, 51.586700025126689 ], [ 6.8502433728039, 51.586165261092304 ], [ 6.84990658911132, 51.585783055977195 ], [ 6.849249251683847, 51.585390927130192 ], [ 6.848541579771563, 51.585054432979746 ], [ 6.847689708292934, 51.584799265288581 ], [ 6.846918047968447, 51.584689568969679 ], [ 6.846057082374986, 51.584548500983772 ], [ 6.845257861092557, 51.584209150258182 ], [ 6.844563907194523, 51.583701463677528 ], [ 6.844005065432573, 51.583226559968118 ], [ 6.843572214526778, 51.582898553274283 ], [ 6.842770761053472, 51.582587712700786 ], [ 6.842047220716588, 51.582450876525705 ], [ 6.841218420512818, 51.582482362599052 ], [ 6.840444533819739, 51.582401151894466 ], [ 6.83955381054245, 51.582058919374163 ], [ 6.838946968909444, 51.58161109810662 ], [ 6.838516451456764, 51.581254545639425 ], [ 6.837804357349334, 51.580975042651431 ], [ 6.836794706374294, 51.580972281429936 ], [ 6.836103297485066, 51.581007998802946 ], [ 6.835329444768619, 51.580926754523723 ], [ 6.834544071670414, 51.580416162474137 ], [ 6.83315218742701, 51.579648229459423 ], [ 6.834114461472995, 51.578906803789017 ], [ 6.83455291166102, 51.578586102988531 ], [ 6.835221337958602, 51.578263691455199 ], [ 6.835871486585893, 51.578169500554935 ], [ 6.83654674682135, 51.577761497638178 ], [ 6.837203935396908, 51.577141278255844 ], [ 6.837556053480989, 51.576620294683494 ], [ 6.838224429891905, 51.576297866855654 ], [ 6.83901189857061, 51.576207923250365 ], [ 6.840032850358428, 51.57606802535372 ], [ 6.841287276964922, 51.575878166111622 ], [ 6.842177698598038, 51.575648402362432 ], [ 6.843216858952266, 51.575280251296057 ], [ 6.843972186569352, 51.575017685960283 ], [ 6.844418410406544, 51.574602540030433 ], [ 6.844731834844762, 51.574126076335382 ], [ 6.845315391792989, 51.573715184029865 ], [ 6.845944718762157, 51.573305708534399 ], [ 6.846574035996551, 51.572896228780415 ], [ 6.847290352149902, 51.572546638793995 ], [ 6.847777752615012, 51.572189953790271 ], [ 6.847944679897292, 51.571823340381464 ], [ 6.848024595337332, 51.571396834112385 ], [ 6.848420418225116, 51.571037310148704 ], [ 6.849168821345615, 51.570860296864595 ], [ 6.850592543034153, 51.570847178436154 ], [ 6.851379893677111, 51.570757153056597 ], [ 6.851752950669312, 51.570682900851082 ], [ 6.852185425331538, 51.570438894960319 ], [ 6.852910750352153, 51.569975157309202 ], [ 6.853400350467421, 51.56958992043085 ], [ 6.854301948706625, 51.569217423056436 ], [ 6.85519898877015, 51.5689019754928 ], [ 6.855819080286823, 51.568606559495997 ], [ 6.856072943689693, 51.56829982200302 ], [ 6.856596927101521, 51.568058628750997 ], [ 6.857379678758977, 51.568025620116309 ], [ 6.858020559608321, 51.568045420684264 ], [ 6.858913013788753, 51.567787001689069 ], [ 6.859743804173919, 51.56772686273743 ], [ 6.860194770691331, 51.567826582688788 ], [ 6.86097298101056, 51.567850607206722 ], [ 6.862561671865163, 51.567777610608829 ], [ 6.863242170623828, 51.567762575691091 ], [ 6.864369625652092, 51.567761321569414 ], [ 6.865720636154643, 51.567857022370077 ], [ 6.866386717047508, 51.567841524839174 ], [ 6.867004393891364, 51.567707436150258 ], [ 6.867640049196408, 51.567528861469967 ], [ 6.868544217224516, 51.56727207819371 ], [ 6.867791489140068, 51.566734116856324 ], [ 6.867315215629534, 51.563789801391138 ], [ 6.861197305186081, 51.558574966565253 ], [ 6.859779856610963, 51.557461069387593 ], [ 6.866970142354163, 51.553401748644049 ], [ 6.868612685035915, 51.552528613240433 ], [ 6.871125119673517, 51.55034672252787 ], [ 6.873220975047735, 51.548209160634791 ], [ 6.875152279314904, 51.546409686092339 ], [ 6.877636358946155, 51.543998012617408 ], [ 6.87904990385836, 51.539668910972374 ], [ 6.879560668123947, 51.537775046434028 ], [ 6.881653200967218, 51.538163597425118 ], [ 6.884132776829113, 51.536942668675458 ], [ 6.885230443919586, 51.536210730074679 ], [ 6.885117304466116, 51.529406713011937 ], [ 6.886287126934167, 51.528106146327254 ], [ 6.886422849200787, 51.526966374032256 ], [ 6.891392975998293, 51.524686507228814 ], [ 6.893266360021923, 51.523846801609771 ], [ 6.892301769828105, 51.522159910457212 ], [ 6.894111360345018, 51.520080594757211 ], [ 6.89392731234645, 51.516363940134298 ], [ 6.894436507266136, 51.515947180269706 ], [ 6.894991725114012, 51.515495798107047 ], [ 6.89682503153063, 51.514579119232302 ], [ 6.900840576562316, 51.512711311667395 ], [ 6.902260858697823, 51.512088176743134 ], [ 6.900415758498263, 51.510921719456881 ], [ 6.903889949312332, 51.509283389104667 ], [ 6.907174357459048, 51.506860864945949 ], [ 6.909774917951636, 51.504985621603396 ], [ 6.909572893276093, 51.50314197774123 ], [ 6.910443110508999, 51.503087449725165 ], [ 6.910874349868686, 51.503109605311806 ], [ 6.912352433879727, 51.503217710264138 ], [ 6.916336517024122, 51.503393101390984 ], [ 6.919891151867833, 51.503708420328863 ], [ 6.926387254969126, 51.503689619106673 ], [ 6.927716833241943, 51.502369889904145 ], [ 6.927927123269756, 51.500782002781186 ], [ 6.930682076549193, 51.499217859337321 ], [ 6.929872923068428, 51.498589241032391 ], [ 6.928360055749915, 51.498002917065058 ], [ 6.928184247167601, 51.496867912712098 ], [ 6.934856319920413, 51.497785521420681 ], [ 6.935645342693649, 51.497845444642991 ], [ 6.936475548355139, 51.497918023998743 ], [ 6.941169954495207, 51.498246787177479 ], [ 6.942373714792371, 51.498355231298817 ], [ 6.943273750965635, 51.49847250040672 ], [ 6.943904619291126, 51.498595464373331 ], [ 6.945441661648331, 51.498988336731792 ], [ 6.947395752488083, 51.499470660386656 ], [ 6.949423739933562, 51.500117303247222 ], [ 6.953977037130985, 51.501493909000985 ], [ 6.955147951326457, 51.50175795147814 ], [ 6.956356703650822, 51.501927797152774 ], [ 6.967255675679493, 51.503364876772409 ], [ 6.970303239248495, 51.503708481706987 ], [ 6.971562732683761, 51.503845312708584 ], [ 6.972917496548686, 51.504057039437114 ], [ 6.974928412551365, 51.504369460496235 ], [ 6.977770962794475, 51.504940908247015 ], [ 6.978268036759531, 51.505045846960677 ], [ 6.979903868781959, 51.505545110847109 ], [ 6.988291148984443, 51.508722789609166 ], [ 6.986637007764799, 51.510553588247632 ], [ 6.986057495246118, 51.511313154962437 ], [ 6.986250204026398, 51.512403679712286 ], [ 6.986451669275839, 51.513362912546349 ], [ 6.988544339706867, 51.515560545263376 ], [ 6.989052052799088, 51.51589485645659 ], [ 6.991075458954006, 51.517227124632292 ], [ 6.992431295021917, 51.519470183997029 ], [ 6.993541226606091, 51.521038364202546 ], [ 6.993861501824058, 51.521381148165204 ], [ 6.994154347036416, 51.521705101125796 ], [ 6.994259402092139, 51.522677567858018 ], [ 6.994551656855744, 51.52538266156769 ], [ 6.994209575779139, 51.528344695333338 ], [ 6.994213027916173, 51.529638655656498 ], [ 6.994215414616629, 51.530533498615398 ], [ 6.999280618655537, 51.532467454309831 ], [ 6.998652078288841, 51.533700701918775 ], [ 7.00240388625363, 51.534127056672197 ], [ 7.005074182344913, 51.533756297648132 ], [ 7.006576745691141, 51.533368545601625 ], [ 7.007953716872811, 51.532923012638385 ], [ 7.010206864454124, 51.532728588116086 ], [ 7.013378605601677, 51.532228068111948 ], [ 7.013775520970522, 51.53099690590625 ], [ 7.012944075245546, 51.528639588759496 ], [ 7.015596321194759, 51.52642139314986 ], [ 7.01601163141666, 51.525136729325432 ], [ 7.016806052166882, 51.523232815120402 ], [ 7.018017196543659, 51.52249406040314 ], [ 7.018945224462476, 51.52054004471858 ], [ 7.020706999861249, 51.518061256309522 ], [ 7.023032602905494, 51.518994570259387 ], [ 7.023865248647259, 51.518132200801261 ], [ 7.024261741078495, 51.517721541597332 ], [ 7.024630596329052, 51.517339498165057 ], [ 7.026642740599939, 51.51680023970065 ], [ 7.028865926507823, 51.516494043581233 ], [ 7.032867116829475, 51.516087193871876 ], [ 7.035868553469075, 51.515337918052225 ], [ 7.040835332160214, 51.513601565444851 ], [ 7.042154960663781, 51.511415724737546 ], [ 7.044999157749699, 51.511868804159946 ], [ 7.046589651793315, 51.511033764235073 ], [ 7.048088242587433, 51.511189301534777 ], [ 7.050271660306889, 51.511320946695051 ], [ 7.050157739410059, 51.510714138935057 ], [ 7.05027269766101, 51.510185778257551 ], [ 7.05218151538552, 51.50553132694985 ], [ 7.054338417630746, 51.505482642756924 ], [ 7.054346072696739, 51.504766103716335 ], [ 7.056663078439208, 51.50330957989668 ], [ 7.058057854502806, 51.500913718046768 ], [ 7.058918103961588, 51.498649379793321 ], [ 7.060454052473577, 51.49721721795094 ], [ 7.065881704901939, 51.498150231007813 ], [ 7.067175093088233, 51.497449433396639 ], [ 7.073283594697275, 51.493784801973725 ], [ 7.07260630319579, 51.493509808728376 ], [ 7.072683686754804, 51.491591457764578 ], [ 7.072770104818597, 51.489966078952584 ], [ 7.070987719417137, 51.489261851676439 ], [ 7.07105409103945, 51.487371991093234 ], [ 7.071138615704403, 51.484965060827697 ], [ 7.073016834746483, 51.485118839593362 ], [ 7.074364172305254, 51.48330275777775 ], [ 7.077054450039151, 51.483011780094998 ], [ 7.082352223055127, 51.483345882675593 ], [ 7.084277608796104, 51.483446814749428 ], [ 7.086835652953725, 51.483575072308227 ], [ 7.089322048292795, 51.483503059471694 ], [ 7.090293746509502, 51.482430668180882 ], [ 7.092457619962558, 51.482893674540946 ], [ 7.093266290861947, 51.482488164133493 ], [ 7.097107327853506, 51.482584645340047 ], [ 7.099934103702549, 51.480838090871579 ], [ 7.102381312567601, 51.481097904306317 ], [ 7.104200575335705, 51.481267497587737 ], [ 7.106051797534309, 51.480420285830924 ], [ 7.107746413793848, 51.479154248242523 ], [ 7.109513260096282, 51.476688433541945 ], [ 7.108951685159502, 51.475363618253859 ], [ 7.112723576319462, 51.47327048012572 ], [ 7.113936969210288, 51.471686328189854 ], [ 7.114010044776141, 51.469914218139188 ], [ 7.114016205435393, 51.465726528701758 ], [ 7.113017337757943, 51.464608026258276 ], [ 7.111071384284661, 51.463624343456431 ], [ 7.109609152469472, 51.462924755117726 ], [ 7.108929625107759, 51.462364795006891 ], [ 7.108512986157664, 51.461301134229579 ], [ 7.109474308586745, 51.459441592791308 ], [ 7.112683652727038, 51.459991576932282 ], [ 7.114632799367288, 51.458389201967201 ], [ 7.11593282939798, 51.456550356192729 ], [ 7.116162031412347, 51.455030441001583 ], [ 7.11847030051012, 51.455382778299708 ], [ 7.121065319387818, 51.454977745156604 ], [ 7.128714728045479, 51.446803559884415 ], [ 7.129460652533202, 51.446128936335072 ], [ 7.128448533424593, 51.444956139413506 ], [ 7.13088730353827, 51.44351555069133 ], [ 7.133345596988212, 51.441829772185059 ], [ 7.132775371781733, 51.439976194418321 ], [ 7.13298483794901, 51.439477850492011 ], [ 7.131593079141686, 51.438269364948219 ], [ 7.122948705677093, 51.434470760387789 ], [ 7.123751124195344, 51.431395679777097 ], [ 7.123787459079056, 51.430901382786416 ], [ 7.125038449236475, 51.430739171213538 ], [ 7.125942393110364, 51.430594004003005 ], [ 7.127201286730362, 51.430323922632887 ], [ 7.128335388596073, 51.429987205547256 ], [ 7.129933627810501, 51.429411613478727 ], [ 7.133147888636021, 51.427819575550906 ], [ 7.134482717813627, 51.427101287520486 ], [ 7.135424083144259, 51.426443771903642 ], [ 7.136030063765795, 51.426037828734465 ], [ 7.136841787291853, 51.423215119972099 ], [ 7.13599189440011, 51.4200662288156 ], [ 7.13436347747591, 51.417128061613809 ], [ 7.132972492660086, 51.416061510716276 ], [ 7.130759547438347, 51.41422386241782 ], [ 7.12999002407865, 51.413130057752312 ], [ 7.125553046273733, 51.411179361602578 ], [ 7.119471028635234, 51.40850488868039 ], [ 7.117040383588685, 51.407884057848591 ], [ 7.115815569682278, 51.4086913670493 ], [ 7.114359885658667, 51.408880078496075 ], [ 7.110683203013372, 51.407378092574824 ], [ 7.108443196471161, 51.406663957174558 ], [ 7.110972130374717, 51.405850487178668 ], [ 7.111759566736255, 51.404472039453864 ], [ 7.11199793159245, 51.400618571431508 ], [ 7.114849749482511, 51.39789846899459 ], [ 7.115147171076522, 51.396963401699757 ], [ 7.11652235920677, 51.396135420850442 ], [ 7.118369768658067, 51.394168123296097 ], [ 7.118752584634393, 51.392692200419994 ], [ 7.118752603673388, 51.391651462068403 ], [ 7.117939623643161, 51.390695731903406 ], [ 7.117540226405149, 51.389912161356747 ], [ 7.118545758248996, 51.388592367524062 ], [ 7.119240437220841, 51.387301773895373 ], [ 7.118519717519899, 51.386537550805116 ], [ 7.117402704701338, 51.386190834108199 ], [ 7.116571929164121, 51.385680783156616 ], [ 7.116302764502865, 51.384646033567122 ], [ 7.116050378202265, 51.382990600893613 ], [ 7.116189655437106, 51.382075967917423 ], [ 7.116711507947438, 51.381829821624308 ], [ 7.117072252033814, 51.381425923907109 ], [ 7.117115707642538, 51.38103089705114 ], [ 7.117194974437376, 51.380735971613902 ], [ 7.117346048346175, 51.380443114847679 ], [ 7.117675226128546, 51.380272470960122 ], [ 7.11849335443674, 51.380106902410283 ], [ 7.119062705875774, 51.379997209435857 ], [ 7.119655665898578, 51.379762104903065 ], [ 7.120283948334819, 51.379437951055337 ], [ 7.121780333935266, 51.378463300698755 ], [ 7.122336263275905, 51.378157373153002 ], [ 7.123562425782168, 51.378496549680875 ], [ 7.12556461891331, 51.379256601061343 ], [ 7.125693858262901, 51.3810255483479 ], [ 7.127752702030137, 51.380498253279903 ], [ 7.130131673730197, 51.381495496759321 ], [ 7.130460806572155, 51.380000633270598 ], [ 7.132149728338001, 51.37869954003947 ], [ 7.133526469355944, 51.377638869896508 ], [ 7.137649256887604, 51.379315086433273 ], [ 7.138556609764151, 51.378763123676386 ], [ 7.137713519230891, 51.377795354353026 ], [ 7.139052577540944, 51.375473582741691 ], [ 7.140430677089504, 51.375125758127318 ], [ 7.148530570501574, 51.377716876839564 ], [ 7.149335675659716, 51.376740171347215 ], [ 7.149024293613415, 51.374944709144984 ], [ 7.152905339995973, 51.374554428290224 ], [ 7.152367904192718, 51.372053406064666 ], [ 7.154473332327528, 51.370382007071456 ], [ 7.155453534767426, 51.370095396935909 ], [ 7.156783291849102, 51.368097626073556 ], [ 7.157586635130457, 51.367079421189082 ], [ 7.159378425156873, 51.365117329930214 ], [ 7.158168408227072, 51.364167860694536 ], [ 7.15757381996277, 51.362921363763583 ], [ 7.157938506149517, 51.362302667195891 ], [ 7.157222115495701, 51.361216293693467 ], [ 7.157002860642153, 51.36015327380877 ], [ 7.155631367544221, 51.358835325322787 ], [ 7.1532008763409, 51.357106413878306 ], [ 7.152900625156934, 51.356211415265015 ], [ 7.151332362730912, 51.355334698309804 ], [ 7.150332058562488, 51.355108718255892 ], [ 7.148600715054141, 51.353172030619398 ], [ 7.147260934165942, 51.351503853909563 ], [ 7.14843137437189, 51.351108367688873 ], [ 7.149425896531596, 51.349992977803282 ], [ 7.152700643539209, 51.350172224815516 ], [ 7.153313892076722, 51.349274685491814 ], [ 7.151516077594071, 51.348880257318662 ], [ 7.150468407454321, 51.346963098385316 ], [ 7.149252670098007, 51.346728221502453 ], [ 7.14871423632187, 51.344984581167843 ], [ 7.150203858356504, 51.344324822580333 ], [ 7.149002888454022, 51.34326111267805 ], [ 7.145525994956775, 51.342103740188726 ], [ 7.146182756484025, 51.341236074629876 ], [ 7.145377633941202, 51.339754713820355 ], [ 7.145810719338701, 51.338849406192857 ], [ 7.14648804941893, 51.338299525644139 ], [ 7.147556484803892, 51.33867320314787 ], [ 7.149470202810238, 51.337469702112408 ], [ 7.148134840445482, 51.336373541714345 ], [ 7.147766575018269, 51.335162032191484 ], [ 7.148453380397727, 51.334349760748353 ], [ 7.149282359081863, 51.334022200105913 ], [ 7.150537740418661, 51.334157122950757 ], [ 7.151305312745134, 51.334278107049386 ], [ 7.152252250663619, 51.33430513669299 ], [ 7.153034207765362, 51.334228382768792 ], [ 7.153889886482338, 51.333928571097552 ], [ 7.154300132616926, 51.333625055415304 ], [ 7.154717581428575, 51.33302453850321 ], [ 7.156255489395511, 51.331249133816151 ], [ 7.15702962051845, 51.330289522765263 ], [ 7.15737982955506, 51.329822174539935 ], [ 7.158059338436145, 51.329373215079109 ], [ 7.159074008871054, 51.328861750032296 ], [ 7.160789640723686, 51.328199118227928 ], [ 7.162544515274395, 51.327777071973379 ], [ 7.163287752367071, 51.327598057002383 ], [ 7.163939889684121, 51.327416446209114 ], [ 7.164600291886113, 51.32712068760118 ], [ 7.165090901404227, 51.326648529842231 ], [ 7.165577368624933, 51.326233441714713 ], [ 7.166214928574139, 51.325622483790518 ], [ 7.1665771357863, 51.325032292078269 ], [ 7.166618458681099, 51.324461573752785 ], [ 7.166189878879959, 51.324077660327006 ], [ 7.166367836750893, 51.323510826034912 ], [ 7.166533392205309, 51.323115206648275 ], [ 7.165959932586674, 51.322841552011361 ], [ 7.165574848746059, 51.32248746776142 ], [ 7.165612048588948, 51.321973820323549 ], [ 7.165939320818144, 51.321388157254091 ], [ 7.166030729707595, 51.320738001466594 ], [ 7.166148028061984, 51.320309039519003 ], [ 7.166694290020129, 51.319712148306515 ], [ 7.167213834352876, 51.319285612934088 ], [ 7.168180422691061, 51.318644057443649 ], [ 7.168610915075726, 51.318370341745002 ], [ 7.168958585454313, 51.317979893453625 ], [ 7.169436668566631, 51.317678933247763 ], [ 7.16959392091279, 51.317397452919579 ], [ 7.169486205554109, 51.316994068254147 ], [ 7.169204602951178, 51.316471365589727 ], [ 7.168649790539653, 51.315940899985407 ], [ 7.168232821258953, 51.315531975338672 ], [ 7.167549584080068, 51.315242373269633 ], [ 7.167141449046064, 51.314924562350939 ], [ 7.16674307836711, 51.314471934548749 ], [ 7.166607414261008, 51.313963730896859 ], [ 7.16671620393557, 51.313453470763115 ], [ 7.167287807029184, 51.312902329851958 ], [ 7.168111069733006, 51.312665798077788 ], [ 7.168936849729908, 51.312603477632294 ], [ 7.169623966345471, 51.312565808241978 ], [ 7.170184801328894, 51.312381575395321 ], [ 7.17025715688174, 51.312011899496845 ], [ 7.170307042847089, 51.311712471238231 ], [ 7.170337764225968, 51.311528079460139 ], [ 7.170689492914258, 51.311080553400444 ], [ 7.171894574744824, 51.310601521909319 ], [ 7.172600445030464, 51.310378391011469 ], [ 7.17358072027218, 51.310136023617851 ], [ 7.17471158829743, 51.30999698748581 ], [ 7.17500033874019, 51.30997815866435 ], [ 7.175429180526462, 51.309810197275851 ], [ 7.176378176808176, 51.309383311009825 ], [ 7.176860241953406, 51.309025246883387 ], [ 7.177209829355442, 51.308606237192656 ], [ 7.177300651598747, 51.307979731239996 ], [ 7.177389412757707, 51.307381760402009 ], [ 7.177881740912164, 51.30688101109002 ], [ 7.17876832947981, 51.306413400966917 ], [ 7.179429402067901, 51.306295779647087 ], [ 7.180480629902698, 51.306268362631769 ], [ 7.180382850325373, 51.305093217810942 ], [ 7.179606326813796, 51.30384165966057 ], [ 7.1784389093817, 51.30295074868252 ], [ 7.17715451532526, 51.302072262259408 ], [ 7.174697166372535, 51.301071793934831 ], [ 7.173190482729756, 51.299828064550631 ], [ 7.169890081372868, 51.298790716298029 ], [ 7.169904387624886, 51.297961874722439 ], [ 7.171751301612988, 51.298267990747014 ], [ 7.177214761607957, 51.298824845769659 ], [ 7.178853330767817, 51.298991802148208 ], [ 7.180833496536442, 51.29947285364635 ], [ 7.181993363329876, 51.298362306180628 ], [ 7.184221699739628, 51.297657781156204 ], [ 7.185427933479668, 51.297744226637377 ], [ 7.186031724675083, 51.296060853238146 ], [ 7.188259564119434, 51.296423142369299 ], [ 7.19031094695643, 51.295083028382081 ], [ 7.195732922559513, 51.294992852987505 ], [ 7.197657291781526, 51.295200194420069 ], [ 7.199200574163926, 51.295513850309298 ], [ 7.199766454297433, 51.295835991516661 ], [ 7.200723978587438, 51.296907650210663 ], [ 7.203683030318798, 51.300323134780953 ], [ 7.204618753336897, 51.300898812025608 ], [ 7.205663220850204, 51.301360459323924 ], [ 7.206853658830795, 51.301790173712568 ], [ 7.211339331465075, 51.302951794875355 ], [ 7.21490596390495, 51.303706199870646 ], [ 7.21657084363339, 51.304134130971953 ], [ 7.219039910150511, 51.305374032381579 ], [ 7.219995769821864, 51.305670958333657 ], [ 7.222981705517149, 51.306312830702922 ], [ 7.221374333744759, 51.307699826706035 ], [ 7.224690436975443, 51.30895427828375 ], [ 7.225591189359908, 51.30800680454557 ], [ 7.227633105702123, 51.308793293199756 ], [ 7.22909406243876, 51.310274999976635 ], [ 7.232510725756788, 51.308902319556502 ], [ 7.234357917200294, 51.309703212769932 ], [ 7.235995812256117, 51.310413312709784 ], [ 7.237997535987828, 51.311162470485037 ], [ 7.24015453476409, 51.311951932639367 ], [ 7.242169109805889, 51.312521256949111 ], [ 7.248289896983616, 51.315031209346124 ], [ 7.250230988771543, 51.315051952027552 ], [ 7.251888101887399, 51.314473294944783 ], [ 7.256282985497932, 51.316853816912868 ], [ 7.257020338306975, 51.316102197854711 ], [ 7.259556440695227, 51.316372462292925 ], [ 7.261185176866372, 51.317218067043939 ], [ 7.263667209676804, 51.318258758286412 ], [ 7.263718692592472, 51.317089540413143 ], [ 7.25909927927542, 51.312891387995968 ], [ 7.263616861112766, 51.310359499974574 ], [ 7.26436104563564, 51.30838471846981 ], [ 7.263419644141774, 51.306418576431902 ], [ 7.262361048318292, 51.304309032562237 ], [ 7.259838691091837, 51.300339871815183 ], [ 7.2597020218197, 51.29921938586353 ], [ 7.259223368965834, 51.297855295703251 ], [ 7.256432877340912, 51.292806941608717 ], [ 7.255071308104468, 51.291337336753863 ], [ 7.254246538204494, 51.28979252436212 ], [ 7.253900548157538, 51.288179915681432 ], [ 7.254785462045506, 51.285403633479319 ], [ 7.264974244488205, 51.284890418639982 ], [ 7.266429238183989, 51.284833958450967 ], [ 7.267491997769792, 51.283809614511327 ], [ 7.269710929249094, 51.281655408090209 ], [ 7.270834019303558, 51.280587672104225 ], [ 7.272729993275247, 51.279144968274487 ], [ 7.273668253236306, 51.278459360767869 ], [ 7.275188666006023, 51.277456561874715 ], [ 7.275476251706116, 51.274987918753816 ], [ 7.277646739889799, 51.272282901486882 ], [ 7.273868904293766, 51.271080229420136 ], [ 7.272766737241267, 51.269392822893209 ], [ 7.271120200281818, 51.267282691312502 ], [ 7.270264372451126, 51.266487080900887 ], [ 7.26944010474794, 51.263600505732263 ], [ 7.268822660367929, 51.262989095494788 ], [ 7.267284162972615, 51.261388648620198 ], [ 7.266609595220589, 51.25913660268845 ], [ 7.267153593917273, 51.257314449134228 ], [ 7.269288767456072, 51.256337713413821 ], [ 7.270741024366053, 51.255684328441696 ], [ 7.271942399140409, 51.256563989435833 ], [ 7.272024210149915, 51.257270282032792 ], [ 7.272178751865067, 51.257774922873097 ], [ 7.272440342278641, 51.258377824775302 ], [ 7.272710262784639, 51.258861816113289 ], [ 7.273146777586951, 51.259135949417967 ], [ 7.273710319392627, 51.259222958422129 ], [ 7.274240953034852, 51.259237575460368 ], [ 7.274667860490228, 51.259106367948512 ], [ 7.275218451883223, 51.25883559838141 ], [ 7.275661983909544, 51.258466568841683 ], [ 7.2764366229648, 51.257561340393416 ], [ 7.27733417728532, 51.256424309151058 ], [ 7.277729976382833, 51.255894859176344 ], [ 7.278012936275378, 51.255542417243532 ], [ 7.280374951100682, 51.25254545079337 ], [ 7.281221186014181, 51.2515240567704 ], [ 7.281725835092333, 51.251078638454779 ], [ 7.282230474428046, 51.250633217927827 ], [ 7.282713883556446, 51.250286274530076 ], [ 7.283302460607807, 51.250077303629062 ], [ 7.284528740846294, 51.249777776127601 ], [ 7.285690197866563, 51.249584524609958 ], [ 7.287198431666956, 51.249562879366678 ], [ 7.287740177811927, 51.249613765746908 ], [ 7.289223450454658, 51.249744505521555 ], [ 7.290298194231169, 51.249972095833208 ], [ 7.291931405533684, 51.250228909166026 ], [ 7.293350043591077, 51.25045196154381 ], [ 7.294749296750986, 51.250553312361646 ], [ 7.29567590402604, 51.250641712831673 ], [ 7.296580737511616, 51.250630448594286 ], [ 7.297219680177612, 51.250521848863436 ], [ 7.29772534610869, 51.250472640025713 ], [ 7.298355547331981, 51.250489873425984 ], [ 7.298869918980833, 51.25052194801836 ], [ 7.299430977335587, 51.25070839140237 ], [ 7.300022534470364, 51.251075777070128 ], [ 7.300717460929709, 51.251608084173768 ], [ 7.301069909416613, 51.25190589169447 ], [ 7.302022681593468, 51.252445234047599 ], [ 7.302939369963168, 51.252677393724028 ], [ 7.303669867672799, 51.252697335973977 ], [ 7.304181156990606, 51.25256720233196 ], [ 7.304736036506667, 51.252429250454995 ], [ 7.305386192078333, 51.251951684504327 ], [ 7.305737416345726, 51.25143894431951 ], [ 7.30582708398742, 51.250973101824883 ], [ 7.305588572322785, 51.250687423145621 ], [ 7.304739167691526, 51.250105902792988 ], [ 7.303692384331231, 51.249473959917552 ], [ 7.302620089953542, 51.249003410446541 ], [ 7.299853051714193, 51.248955161958442 ], [ 7.297955111242059, 51.248402899092213 ], [ 7.297133099847508, 51.247665594597457 ], [ 7.296988229292746, 51.247018292883766 ], [ 7.297761035891915, 51.246276955733542 ], [ 7.299695320711384, 51.245209959029438 ], [ 7.301328041007107, 51.244110866822069 ], [ 7.304807099316742, 51.241048159145713 ], [ 7.305798893937514, 51.24019267903256 ], [ 7.306163098860697, 51.239698304321678 ], [ 7.306693513099135, 51.238875256814225 ], [ 7.307807974243663, 51.239770186276068 ], [ 7.308951118208953, 51.240665885658366 ], [ 7.31015769427667, 51.241277634294761 ], [ 7.310652957628927, 51.241755382536198 ], [ 7.311712245774062, 51.243053601991697 ], [ 7.312264850490861, 51.243703332580878 ], [ 7.313126673785301, 51.244534572688742 ], [ 7.31382888587682, 51.245015271872624 ], [ 7.314509100039158, 51.24514917796207 ], [ 7.31543262706006, 51.245087754393019 ], [ 7.316778990830366, 51.244893575209915 ], [ 7.317620688259982, 51.244685664165374 ], [ 7.318749560137556, 51.244312456267423 ], [ 7.319830551289018, 51.243966786444133 ], [ 7.320666263347869, 51.243845238922752 ], [ 7.321076104866869, 51.243894788077661 ], [ 7.321888301545137, 51.244089053083776 ], [ 7.323484573403399, 51.244591960044346 ], [ 7.325207965086017, 51.245181846735271 ], [ 7.325509350154741, 51.245347057834181 ], [ 7.326170169628432, 51.245709295045849 ], [ 7.326483735595787, 51.245989365827704 ], [ 7.326566185990226, 51.246242280785076 ], [ 7.326540360922201, 51.246617600555282 ], [ 7.326404822609764, 51.24713617788224 ], [ 7.326327119535225, 51.247781662361604 ], [ 7.32651233470588, 51.248476052957869 ], [ 7.326914535633708, 51.24898889684232 ], [ 7.327616359296318, 51.249362460798743 ], [ 7.328952753931794, 51.249774679917472 ], [ 7.330426371318855, 51.250127928972361 ], [ 7.331746778131339, 51.250289002932064 ], [ 7.332710308456282, 51.250315069928135 ], [ 7.333955387203041, 51.250118953022501 ], [ 7.33507900392476, 51.249752421629061 ], [ 7.336177961260509, 51.249259872973347 ], [ 7.336879635519811, 51.248735693860866 ], [ 7.33793177520978, 51.247468940081184 ], [ 7.338269380297004, 51.246914030125744 ], [ 7.338439434833486, 51.246375485826448 ], [ 7.338508390269477, 51.245855101232365 ], [ 7.338529481717482, 51.245061855019081 ], [ 7.338528089542281, 51.243139947875989 ], [ 7.338550502828389, 51.242676391016857 ], [ 7.338607774729825, 51.241491798819013 ], [ 7.338786028843574, 51.24034766838453 ], [ 7.33896748455027, 51.239642311061246 ], [ 7.339256086401979, 51.239315865797209 ], [ 7.339601118064254, 51.239137172011333 ], [ 7.340008295861288, 51.239022824252999 ], [ 7.340541200145151, 51.239016318335118 ], [ 7.341069818983049, 51.239072364617343 ], [ 7.34195383825631, 51.239284224206315 ], [ 7.343191841767701, 51.239672742934552 ], [ 7.344812794789336, 51.240301357899398 ], [ 7.346279102905147, 51.240758664659005 ], [ 7.347566078389145, 51.240918665740132 ], [ 7.348367601601922, 51.240877577338793 ], [ 7.349414472754269, 51.240655078604391 ], [ 7.3505752255742, 51.240226736978094 ], [ 7.351366290622884, 51.239851110770481 ], [ 7.351991251803406, 51.239471012957466 ], [ 7.352870066263564, 51.238784391300165 ], [ 7.357096381394287, 51.239852073883185 ], [ 7.359076324456044, 51.240481551212632 ], [ 7.357809332057738, 51.242653847432209 ], [ 7.360427203537864, 51.243793140379033 ], [ 7.362134485517029, 51.243694669104343 ], [ 7.36269059458017, 51.244978900008 ], [ 7.364221608912918, 51.245517456478154 ], [ 7.366104352002267, 51.244118332382371 ], [ 7.367567495035968, 51.244907543041847 ], [ 7.370510831158641, 51.245537541515979 ], [ 7.373196998913924, 51.245259959712612 ], [ 7.373252647533527, 51.246473068906781 ], [ 7.37491902675271, 51.246979127972985 ], [ 7.375419750241444, 51.245694325680873 ], [ 7.37521080119694, 51.244707912556649 ], [ 7.376357783927733, 51.244738519169125 ], [ 7.378523887232208, 51.245657383617342 ], [ 7.37832272279041, 51.245237782148124 ], [ 7.378307135326337, 51.244832133535233 ], [ 7.37829580686709, 51.244363562186209 ], [ 7.378337785163701, 51.243743324065278 ], [ 7.378580866700007, 51.243119442588814 ], [ 7.378737350708518, 51.24284821458405 ], [ 7.378857172441344, 51.242640529324433 ], [ 7.378974726627123, 51.242175393879556 ], [ 7.378953660424043, 51.241850645808128 ], [ 7.383598808340484, 51.242109465843356 ], [ 7.385869656082337, 51.242049411079741 ], [ 7.387683361513439, 51.242414968548772 ], [ 7.38688053323139, 51.244095652702896 ], [ 7.388963776502684, 51.244554898214353 ], [ 7.388024064690176, 51.245539601963507 ], [ 7.389791319538755, 51.246596237198617 ], [ 7.393818444116835, 51.245658912640529 ], [ 7.394472641937921, 51.243614099765253 ], [ 7.394996157575332, 51.242637203055956 ], [ 7.396293314005242, 51.242314207854314 ], [ 7.399390610676554, 51.241638611362596 ], [ 7.400829859611665, 51.239748283759404 ], [ 7.4012122401073, 51.239270890448203 ], [ 7.401706891849293, 51.239026662233812 ], [ 7.402286719128615, 51.238870460078729 ], [ 7.403045534950894, 51.238761876998332 ], [ 7.402566057652917, 51.237762796669777 ], [ 7.397878247841762, 51.236068072482041 ], [ 7.398027628475865, 51.235126496427242 ], [ 7.398131025448939, 51.234228727112729 ], [ 7.397033566013256, 51.233229924802018 ], [ 7.396056767166672, 51.233405961350691 ], [ 7.395362267439138, 51.232118236472687 ], [ 7.395284084104805, 51.229866027946827 ], [ 7.396860928590827, 51.229648214417942 ], [ 7.396395093221011, 51.227010706007889 ], [ 7.397451861960024, 51.227009877245059 ], [ 7.398951538868445, 51.226289962709849 ], [ 7.399056288802705, 51.225158095276946 ], [ 7.399629034078427, 51.224317785141004 ], [ 7.400630776460781, 51.223459279458531 ], [ 7.404205333612957, 51.22427508858334 ], [ 7.404811666784884, 51.223454541407222 ], [ 7.403818228044949, 51.223197479945732 ], [ 7.403694692889264, 51.222299930136032 ], [ 7.403752657908426, 51.22143603012595 ], [ 7.405668995516475, 51.221630957081359 ], [ 7.408133125090742, 51.219820986195231 ], [ 7.410578888204189, 51.219654801512966 ], [ 7.412665117417712, 51.220056034010454 ], [ 7.414130219129758, 51.220815869655866 ], [ 7.414417773779504, 51.222698547108237 ], [ 7.412347595080361, 51.224115174413988 ], [ 7.411179897241421, 51.224401684610299 ], [ 7.412002279699486, 51.226529264549605 ], [ 7.413780548411274, 51.228105093569319 ], [ 7.415235056493788, 51.227653029938764 ], [ 7.415986524666405, 51.226720864456219 ], [ 7.417876808539283, 51.225934081645491 ], [ 7.418533672754974, 51.227105279367635 ], [ 7.417610030516096, 51.228552181105059 ], [ 7.418790965883139, 51.228756361393657 ], [ 7.420058009758248, 51.228071991236249 ], [ 7.424368173997796, 51.227527972753641 ], [ 7.426480675865352, 51.226818046278233 ], [ 7.429275672906336, 51.225333557043669 ], [ 7.430483815724304, 51.223987493967897 ], [ 7.430662015340064, 51.221131937741859 ], [ 7.430701492244229, 51.220499284159679 ], [ 7.431163968243541, 51.218935547585374 ], [ 7.429716999554293, 51.215898939647751 ], [ 7.433343159707677, 51.214409162869764 ], [ 7.432138532102821, 51.214197484800728 ], [ 7.430215933956009, 51.213786859888025 ], [ 7.43085299075395, 51.212831036809106 ], [ 7.43058369507623, 51.211275118760902 ], [ 7.42872292740299, 51.2095063363939 ], [ 7.430450498520153, 51.208966352797191 ], [ 7.428721189652119, 51.206300518219038 ], [ 7.42998622531076, 51.204818747756775 ], [ 7.428653284311514, 51.203456775000596 ], [ 7.427765236682751, 51.20300074267378 ], [ 7.425558828419854, 51.204413996682625 ], [ 7.424041174070063, 51.20169127753902 ], [ 7.423007791274586, 51.20203911708127 ], [ 7.420479276001346, 51.201395624348478 ], [ 7.419006998778439, 51.200751053632622 ], [ 7.418449856713204, 51.199467080114793 ], [ 7.417653962192509, 51.198321049601496 ], [ 7.419758969522248, 51.196888750607293 ], [ 7.419916427141622, 51.195172934079515 ], [ 7.420141471003729, 51.194377411618838 ], [ 7.422005722962224, 51.191995130182896 ], [ 7.421938109760952, 51.190756807357282 ], [ 7.421883121211439, 51.189749648106172 ], [ 7.420228269125546, 51.188638352199945 ], [ 7.421933868108794, 51.187154333358897 ], [ 7.426712864447588, 51.18737328030646 ], [ 7.426918663941799, 51.186649282206389 ], [ 7.423966246726493, 51.186013341509309 ], [ 7.424706703697735, 51.185222364613765 ], [ 7.425281853782185, 51.183751851993328 ], [ 7.427714307329537, 51.18306575351329 ], [ 7.427176132447149, 51.182186183252441 ], [ 7.429755500639819, 51.181359668226975 ], [ 7.431662633680895, 51.181669360301335 ], [ 7.432951356820862, 51.180924289911992 ], [ 7.430997043646479, 51.179399302613731 ], [ 7.433468279625292, 51.179509170697855 ], [ 7.436771423294677, 51.180072469754229 ], [ 7.437221977287808, 51.178814985402354 ], [ 7.436742853877279, 51.177735076656717 ], [ 7.436775338345515, 51.176553181443744 ], [ 7.43754463287318, 51.175332894865697 ], [ 7.438676566355297, 51.174872134823019 ], [ 7.439459159049244, 51.174142592143241 ], [ 7.439543082332131, 51.172183162923602 ], [ 7.440466855008892, 51.171399616003988 ], [ 7.439628882478461, 51.169502595818976 ], [ 7.438052382733205, 51.168365105437282 ], [ 7.437907336965884, 51.167092015839657 ], [ 7.438012304937382, 51.166200493133282 ], [ 7.439338666335695, 51.165571740403927 ], [ 7.441661721973511, 51.16719787627536 ], [ 7.444542010339601, 51.165877435377006 ], [ 7.44796077676002, 51.165075267073618 ], [ 7.448893374612683, 51.163748874457347 ], [ 7.44255607192306, 51.162340577495925 ], [ 7.442634129458569, 51.161532805368012 ], [ 7.444876355206889, 51.161620288440552 ], [ 7.446940152161426, 51.16123051053664 ], [ 7.444836065414631, 51.16014801689915 ], [ 7.441235202781486, 51.159101859871598 ], [ 7.441616765502474, 51.158188726738793 ], [ 7.449146977093068, 51.160558739050238 ], [ 7.449688346940273, 51.162553957786905 ], [ 7.450061362061009, 51.162977919829423 ], [ 7.450614847435781, 51.163271515195206 ], [ 7.451180796084913, 51.163376329270157 ], [ 7.451687123035639, 51.163299486914497 ], [ 7.452244375070221, 51.162233428252364 ], [ 7.452607652975782, 51.161936733542767 ], [ 7.45333196684669, 51.161811538700711 ], [ 7.455026072305463, 51.16174763013553 ], [ 7.455592458791685, 51.159889363203106 ], [ 7.460650509919405, 51.160498275810568 ], [ 7.464840780115594, 51.162110987576767 ], [ 7.47391429875238, 51.164390364724184 ], [ 7.475805752564839, 51.163718935861006 ], [ 7.47715463089412, 51.163240556443007 ], [ 7.476650158406527, 51.162633190761021 ], [ 7.475890532894635, 51.16176708598082 ], [ 7.474180802748069, 51.158571146265231 ], [ 7.471033896405262, 51.155896230640018 ], [ 7.469755754938673, 51.155079671986783 ], [ 7.470293086739392, 51.153933781840578 ], [ 7.470821889441929, 51.152576951525603 ], [ 7.47192521495921, 51.150597468294215 ], [ 7.472920055301288, 51.149398587291095 ], [ 7.470290003361488, 51.148240831301123 ], [ 7.468884648507409, 51.146529475560648 ], [ 7.470089439787042, 51.145840337317559 ], [ 7.472088475511657, 51.14504570685687 ], [ 7.47408054943822, 51.144575037981674 ], [ 7.474010185672816, 51.143681735815861 ], [ 7.475156486230241, 51.143009043584669 ], [ 7.47278464200601, 51.141086253494791 ], [ 7.472100709733352, 51.139626174877286 ], [ 7.473198846183342, 51.138962304268283 ], [ 7.475530266643521, 51.139772713293368 ], [ 7.47800266098245, 51.140201157117602 ], [ 7.478731028383766, 51.140516564877061 ], [ 7.480444701387349, 51.141298212486987 ], [ 7.481890301085814, 51.140687225419285 ], [ 7.481924549777415, 51.139629640629927 ], [ 7.481237136988761, 51.13902101139081 ], [ 7.480993071641461, 51.138118872216573 ], [ 7.481814252279499, 51.137606406055596 ], [ 7.482490397754934, 51.136994887374243 ], [ 7.483590065104435, 51.137785697677707 ], [ 7.484194071564173, 51.13688640338745 ], [ 7.484085378157045, 51.13530159944284 ], [ 7.481682364294028, 51.134057794920871 ], [ 7.481049277982393, 51.132154467792468 ], [ 7.482393177159916, 51.131489935560175 ], [ 7.484906176491364, 51.132006313433145 ], [ 7.487376648094239, 51.130354644566623 ], [ 7.487086150083477, 51.129699104354565 ], [ 7.487407619689733, 51.129204359217653 ], [ 7.489179412831673, 51.127789887878322 ], [ 7.492601748821055, 51.125933932368973 ], [ 7.492661145628656, 51.125020574738535 ], [ 7.493874366184934, 51.124994631216346 ], [ 7.49478677694067, 51.127267209072464 ], [ 7.495861127697253, 51.127981014498609 ], [ 7.496576416710358, 51.127694450431804 ], [ 7.497745821854513, 51.12881094301131 ], [ 7.499539859757888, 51.12963851029992 ], [ 7.502401048081847, 51.130360022021314 ], [ 7.503015302253103, 51.129733716756498 ], [ 7.504193116779281, 51.127947261065941 ], [ 7.503961571111644, 51.126378399258016 ], [ 7.503323387161935, 51.125008761925535 ], [ 7.504298242130766, 51.123051529859247 ], [ 7.504935587131916, 51.122095816918147 ], [ 7.504863935268403, 51.121331578145167 ], [ 7.503946285880598, 51.120069134277287 ], [ 7.502314211996359, 51.119550744847913 ], [ 7.503817816709627, 51.118312313435908 ], [ 7.504493389565935, 51.117700664783271 ], [ 7.504253912968839, 51.1167224582912 ], [ 7.503527037724876, 51.115788923286374 ], [ 7.502610217303468, 51.115917871088172 ], [ 7.502111725398803, 51.115245928188877 ], [ 7.501420665087889, 51.114159611934127 ], [ 7.499659822523322, 51.114210390517428 ], [ 7.497622460481161, 51.114269109679292 ], [ 7.496936464351396, 51.112495536120917 ], [ 7.49680788493314, 51.111537417229066 ], [ 7.497401411415758, 51.110790278368292 ], [ 7.497427995673783, 51.109914195143325 ], [ 7.496429238978391, 51.109907563464056 ], [ 7.495844544449593, 51.1086536082151 ], [ 7.495860037640171, 51.107948780982774 ], [ 7.49513156219624, 51.107510707650547 ], [ 7.496195174213286, 51.106051388313595 ], [ 7.497291933758458, 51.105946184403898 ], [ 7.499328165216931, 51.104893057081973 ], [ 7.500134362002767, 51.105066259064124 ], [ 7.500762302645896, 51.105654199328299 ], [ 7.502400630281291, 51.10560098136655 ], [ 7.501695561418644, 51.104801408805336 ], [ 7.50090786410986, 51.104342790753407 ], [ 7.503119712661111, 51.102912910300951 ], [ 7.506082177246654, 51.10251243237439 ], [ 7.506935263615644, 51.102896451464254 ], [ 7.509911931564202, 51.102744021709618 ], [ 7.510707784284365, 51.103545867033986 ], [ 7.511175172822125, 51.102871674571979 ], [ 7.512813389936641, 51.1028183114245 ], [ 7.513879541189352, 51.101778231434963 ], [ 7.51501497716623, 51.10154043420907 ], [ 7.516240158271185, 51.102257919392279 ], [ 7.516796565876092, 51.100671103980019 ], [ 7.517975234457793, 51.100701223408358 ], [ 7.519067715072342, 51.101129388625104 ], [ 7.519852694448858, 51.100691995258657 ], [ 7.521401448786434, 51.101085645341954 ], [ 7.52316924310974, 51.100669201678357 ], [ 7.52522145894237, 51.101529222584368 ], [ 7.526615379898975, 51.101939742594531 ], [ 7.529309081133463, 51.101373711448964 ], [ 7.531649275868544, 51.101317863371619 ], [ 7.533592564909652, 51.101021112020305 ], [ 7.535180975372191, 51.100542237772302 ], [ 7.53465487990526, 51.102317339941244 ], [ 7.53842568900264, 51.102816921797441 ], [ 7.539549316187783, 51.102441579009025 ], [ 7.543307305612241, 51.103142599175236 ], [ 7.545096814038716, 51.103101375638111 ], [ 7.546822405489042, 51.102625817065359 ], [ 7.546900814207339, 51.103550874036301 ], [ 7.547998472923837, 51.10429978903128 ], [ 7.550547627485343, 51.10312385019153 ], [ 7.551691079308234, 51.103873886364958 ], [ 7.551670756164751, 51.104911827536476 ], [ 7.553339597591033, 51.104607815001579 ], [ 7.554073253210881, 51.10531863457107 ], [ 7.557590273319692, 51.104051583379594 ], [ 7.561748208433134, 51.104248722435337 ], [ 7.561822475119508, 51.104655792653944 ], [ 7.562202329547791, 51.1049805092863 ], [ 7.562828944113002, 51.105248402445795 ], [ 7.565495863589828, 51.104612056534776 ], [ 7.567323805482715, 51.103952795249619 ], [ 7.568357656717793, 51.104836438705391 ], [ 7.569925882195112, 51.105409476407573 ], [ 7.570411808943628, 51.104907068905717 ], [ 7.574427192570782, 51.105560494085253 ], [ 7.576712208973858, 51.105331848228246 ], [ 7.578650484761916, 51.105799676354387 ], [ 7.582083346998097, 51.106571668277908 ], [ 7.582527670578866, 51.105286743596935 ], [ 7.583152593310011, 51.10497835291639 ], [ 7.584521163379764, 51.104879127071342 ], [ 7.585958833700961, 51.105124676778964 ], [ 7.585735940995989, 51.104337683748419 ], [ 7.586872920406559, 51.103108154239429 ], [ 7.588565113211205, 51.102885671803413 ], [ 7.589678456965927, 51.102301413099831 ], [ 7.590654329580226, 51.102668806013817 ], [ 7.591883652722727, 51.102375433515256 ], [ 7.595691595936763, 51.101993763205648 ], [ 7.595555640899692, 51.101266132772707 ], [ 7.598727569564554, 51.100887598008121 ], [ 7.599675625398151, 51.099767613105143 ], [ 7.602235344295166, 51.100457342753437 ], [ 7.602927773643365, 51.099598756927975 ], [ 7.604505648893342, 51.099010814640927 ], [ 7.606264757537422, 51.097987133635364 ], [ 7.605818100931789, 51.097385228219565 ], [ 7.606699999137661, 51.096835322318064 ], [ 7.60682992376263, 51.096209594941982 ], [ 7.606190056692657, 51.09579349127435 ], [ 7.605273254579006, 51.094368983583209 ], [ 7.604711743644501, 51.09346102101334 ], [ 7.602801022126632, 51.092519401343537 ], [ 7.603166230323974, 51.091807337147259 ], [ 7.604174171908581, 51.09180350758637 ], [ 7.604453293125176, 51.091002768139582 ], [ 7.604214936493404, 51.090419949822639 ], [ 7.601838666252011, 51.090332114102395 ], [ 7.600463651891626, 51.088884539796112 ], [ 7.600697089822563, 51.088082672691769 ], [ 7.599361293681068, 51.08747257011445 ], [ 7.600018930727695, 51.086479331053035 ], [ 7.600749640708144, 51.086491032820959 ], [ 7.601279127322937, 51.085284402597573 ], [ 7.602620952426815, 51.084327453608473 ], [ 7.600512226133325, 51.083722443306286 ], [ 7.601182410296102, 51.082527593981069 ], [ 7.600610818398831, 51.081417270549515 ], [ 7.602032678714054, 51.081268358719541 ], [ 7.602923872509959, 51.081042076973738 ], [ 7.604700434438874, 51.079730423073592 ], [ 7.606143108045368, 51.080087649695898 ], [ 7.608526674141086, 51.080056074333193 ], [ 7.610361065961008, 51.079900382152545 ], [ 7.609898524642571, 51.077607763661419 ], [ 7.611721206831676, 51.077004894772053 ], [ 7.612969889159071, 51.0763877951523 ], [ 7.615859803965188, 51.076135273090827 ], [ 7.616671282838596, 51.075736033613609 ], [ 7.617940357707304, 51.075341425180703 ], [ 7.619531472043917, 51.074015146099555 ], [ 7.621123446649865, 51.072739375917912 ], [ 7.623182058800538, 51.071741920436885 ], [ 7.623192589733847, 51.070598643892069 ], [ 7.6263766924289, 51.068523470505859 ], [ 7.628289145060029, 51.069390102660655 ], [ 7.630003935014956, 51.06980412555518 ], [ 7.632267346293615, 51.070116918228841 ], [ 7.633959540221933, 51.070634978531011 ], [ 7.635155948544254, 51.070854957241572 ], [ 7.635356379693569, 51.071526937640535 ], [ 7.636762295123559, 51.072762160071093 ], [ 7.639010183890888, 51.074570719905068 ], [ 7.640012079885589, 51.074023523900351 ], [ 7.639626805325927, 51.073404196750047 ], [ 7.640653349910337, 51.07245736616612 ], [ 7.641687398081928, 51.072368355457968 ], [ 7.64306277642307, 51.072630752372696 ], [ 7.646142330048495, 51.073220718416003 ], [ 7.648525125794667, 51.073336162929166 ], [ 7.650232874137933, 51.073640601350803 ], [ 7.651304832663834, 51.074376067022264 ], [ 7.653922132659954, 51.075107002033548 ], [ 7.65513141964912, 51.075612962599152 ], [ 7.655098677624259, 51.076145805412914 ], [ 7.657213101220227, 51.076692871732128 ], [ 7.658096168747184, 51.0766000341807 ], [ 7.658781628763988, 51.076769198668075 ], [ 7.658816354573618, 51.077189333299117 ], [ 7.659383323626547, 51.077317490620146 ], [ 7.659845947652998, 51.076680762841576 ], [ 7.661193810669539, 51.076408630972836 ], [ 7.66251677898529, 51.076794306897568 ], [ 7.664888150443323, 51.077284170487225 ], [ 7.665593786216794, 51.077429925597798 ], [ 7.667852193963413, 51.077896381748978 ], [ 7.671392229549824, 51.07937787886214 ], [ 7.675813572166515, 51.080475421018193 ], [ 7.67947583534252, 51.080523655393222 ], [ 7.681501092890205, 51.081676469249402 ], [ 7.682390503747691, 51.081900191215709 ], [ 7.683496405837841, 51.082178357523688 ], [ 7.685367672199141, 51.08228120074773 ], [ 7.686868104600928, 51.083211548688411 ], [ 7.686879483270181, 51.086038531159929 ], [ 7.691839819506515, 51.086503907207756 ], [ 7.692811532946815, 51.084883414842963 ], [ 7.693982691729616, 51.084450082507459 ], [ 7.69565298695254, 51.083336484063871 ], [ 7.696224379210539, 51.082199262573965 ], [ 7.69803906585723, 51.081452470597014 ], [ 7.70025270803876, 51.080776298709971 ], [ 7.700510305827114, 51.080062173208205 ], [ 7.701085847510203, 51.079526747759481 ], [ 7.702097859538199, 51.079100829629773 ], [ 7.703323553925134, 51.078923128584165 ], [ 7.704433427229556, 51.078769651196424 ], [ 7.706099768371221, 51.078395391397414 ], [ 7.707596979731166, 51.077981045352011 ], [ 7.708449731801725, 51.077587277576143 ], [ 7.709089828316915, 51.076927306893189 ], [ 7.709286749707299, 51.076742937799047 ], [ 7.709850043894978, 51.07617116416764 ], [ 7.710749351053236, 51.075715467630211 ], [ 7.712087278162282, 51.075333273657506 ], [ 7.713095309101634, 51.074970195865831 ], [ 7.714482626346802, 51.074003909938924 ], [ 7.715380222394792, 51.072780803238089 ], [ 7.713758425002462, 51.072500992261524 ], [ 7.712455989555725, 51.072175059064911 ], [ 7.712049453528675, 51.070888453637814 ], [ 7.710981928736505, 51.071034458297774 ], [ 7.709701419671986, 51.070698906713211 ], [ 7.709216212279691, 51.069715336250361 ], [ 7.705899393219482, 51.069540644903924 ], [ 7.704801259949374, 51.069126370028108 ], [ 7.704555587087386, 51.068250611314042 ], [ 7.706771254358587, 51.067122086314924 ], [ 7.706135264208297, 51.065727873191946 ], [ 7.704020777956404, 51.064083116018978 ], [ 7.701862662053146, 51.062654183307039 ], [ 7.701628277948188, 51.061760568807657 ], [ 7.704449902934042, 51.062030143096941 ], [ 7.706215097619258, 51.05990430985284 ], [ 7.706913498025719, 51.058863072446748 ], [ 7.710547577101693, 51.053444236264887 ], [ 7.713800221750948, 51.051856296157425 ], [ 7.715421104524168, 51.05150785202666 ], [ 7.717216377172683, 51.051109525270661 ], [ 7.717279376040139, 51.051011987089311 ], [ 7.717831009803243, 51.05015178332134 ], [ 7.718218474919829, 51.049170611484136 ], [ 7.719694129017019, 51.049097763081434 ], [ 7.719690962769576, 51.048674509912971 ], [ 7.719847463671391, 51.047732844760702 ], [ 7.720159470792516, 51.047055996851803 ], [ 7.72166711124228, 51.046686763258478 ], [ 7.724453013790018, 51.046437985733441 ], [ 7.724462540291533, 51.044133249383258 ], [ 7.724807894041523, 51.043079074478548 ], [ 7.727714490083382, 51.043005293340492 ], [ 7.727609907510531, 51.04213727397515 ], [ 7.727961767638546, 51.040767096640117 ], [ 7.729070422745115, 51.040164162195367 ], [ 7.730936108831398, 51.039056015258211 ], [ 7.731563762026637, 51.038015761462951 ], [ 7.732018699669712, 51.036526704581739 ], [ 7.731746158633329, 51.034962684565208 ], [ 7.734037314688083, 51.033277216921931 ], [ 7.732492918144271, 51.032358190916511 ], [ 7.730550130655589, 51.031177572257043 ], [ 7.727944829864023, 51.029377910858031 ], [ 7.729194092692896, 51.028543256790016 ], [ 7.733890640847977, 51.025615965397442 ], [ 7.732451435031699, 51.024667013330458 ], [ 7.735629154006075, 51.0238276548912 ], [ 7.73373563861491, 51.022896526780734 ], [ 7.73425128758014, 51.021851049843598 ], [ 7.732076511491453, 51.021399745478931 ], [ 7.730300447918447, 51.018183835458196 ], [ 7.729108386662446, 51.018412776374568 ], [ 7.727493595989985, 51.017373817923769 ], [ 7.7295958929519, 51.017080778309989 ], [ 7.72883340493043, 51.015558422471614 ], [ 7.728219311499905, 51.014332269294158 ], [ 7.72682668181869, 51.014127607854284 ], [ 7.726819839086247, 51.011211562965677 ], [ 7.72656218118565, 51.010401292770055 ], [ 7.724412905692555, 51.009730964278596 ], [ 7.724221984489811, 51.007383074539433 ], [ 7.725311791790993, 51.006559903501625 ], [ 7.726645850295967, 51.006477322979144 ], [ 7.727247420861241, 51.00601519251039 ], [ 7.727684405258347, 51.005088525409832 ], [ 7.72669706784074, 51.003600773305656 ], [ 7.726796085312768, 51.001945078627791 ], [ 7.726267988077231, 51.000674670188445 ], [ 7.725730272148605, 50.998050904805339 ], [ 7.726352229654242, 50.997246219714967 ], [ 7.727292824391482, 50.997173326316975 ], [ 7.7290487719031, 50.99609069074301 ], [ 7.730396862594282, 50.995753098733459 ], [ 7.731128761916728, 50.994726062631649 ], [ 7.733489163783305, 50.993330387313371 ], [ 7.738345362590515, 50.990458564244264 ], [ 7.739796964185268, 50.988888723687857 ], [ 7.740664273732556, 50.987784365019763 ], [ 7.741312568091161, 50.986910023249024 ], [ 7.742084067372352, 50.987137936671374 ], [ 7.743095688231703, 50.985865951920246 ], [ 7.741403999450089, 50.982833783716217 ], [ 7.74888986978679, 50.977769980821918 ], [ 7.752435720714416, 50.978111772452792 ], [ 7.756484185337601, 50.978501873398301 ], [ 7.760111572017658, 50.977962427730318 ], [ 7.766990576024924, 50.980546098304011 ], [ 7.771291813463486, 50.980373947215575 ], [ 7.780297112182249, 50.979959985690776 ], [ 7.780787762902025, 50.976322352881034 ], [ 7.781341930649416, 50.973436144078754 ], [ 7.77983230444202, 50.972440424692458 ], [ 7.780662802871964, 50.9706302971978 ], [ 7.783751524209573, 50.971007409212106 ], [ 7.784838688564291, 50.968511774784815 ], [ 7.785625830479132, 50.966999527872311 ], [ 7.785870862913869, 50.966476493313358 ], [ 7.785967968718237, 50.966269214153911 ], [ 7.785838117145972, 50.965563908105011 ], [ 7.785153959409455, 50.964241585125258 ], [ 7.784300994661219, 50.962592887533802 ], [ 7.784160656512695, 50.962067405330295 ], [ 7.784250224643351, 50.961511273764216 ], [ 7.786313030101335, 50.958417146877494 ], [ 7.786327572579674, 50.957193000472124 ], [ 7.787456420469058, 50.956521578328079 ], [ 7.790580824460343, 50.954663070491343 ], [ 7.792124649625044, 50.951415946494279 ], [ 7.789836446404042, 50.950512421367002 ], [ 7.787410312635112, 50.949927524641353 ], [ 7.786743526727807, 50.94984124684914 ], [ 7.784031874424855, 50.949006145974792 ], [ 7.782311103113102, 50.94747946652874 ], [ 7.786754471622552, 50.94578223122231 ], [ 7.788178492839017, 50.944643391518532 ], [ 7.786976629164934, 50.94352908496613 ], [ 7.785811794263779, 50.943330395505271 ], [ 7.784677018647558, 50.942617839651376 ], [ 7.785898055961674, 50.939914116329845 ], [ 7.780989124248505, 50.934398134918688 ], [ 7.776218913437741, 50.929036574198172 ], [ 7.767616357939818, 50.925359353071869 ], [ 7.764203705370916, 50.923316309334673 ], [ 7.763598436947007, 50.922950922937382 ], [ 7.761276241838992, 50.922229977110867 ], [ 7.757281421648109, 50.920164000052743 ], [ 7.755787497186765, 50.920858053920426 ], [ 7.75448895776525, 50.921619729414104 ], [ 7.751311852528867, 50.920310007007203 ], [ 7.748497539522032, 50.919119117077898 ], [ 7.742363181138542, 50.919757117870525 ], [ 7.735459231729304, 50.917765391278827 ], [ 7.735794558821367, 50.915720489471198 ], [ 7.742811212510215, 50.913888259240146 ], [ 7.74557264360538, 50.912870824883832 ], [ 7.746872127524633, 50.912391999193304 ], [ 7.745064030145349, 50.905198977031098 ], [ 7.750604338833371, 50.905663297570754 ], [ 7.752492553713977, 50.904555462648361 ], [ 7.75879537244512, 50.902714449227858 ], [ 7.760427259911094, 50.900393946307169 ], [ 7.756534300252472, 50.893981480980173 ], [ 7.755266199066973, 50.893276253913847 ], [ 7.753543349097376, 50.892317163160683 ], [ 7.753363964711846, 50.891016379710557 ], [ 7.753021566045593, 50.888379182752686 ], [ 7.758767439059679, 50.87977223461121 ], [ 7.757751262091272, 50.877938495526628 ], [ 7.752831018107391, 50.875176650620567 ], [ 7.751875552572968, 50.871466313653585 ], [ 7.748719401802847, 50.868304182950851 ], [ 7.748309881181312, 50.867216792975327 ], [ 7.754143197586647, 50.865292986474813 ], [ 7.755478722395093, 50.863154643340778 ], [ 7.757446096008886, 50.862120668726568 ], [ 7.760159786541049, 50.861698522162015 ], [ 7.764032753486168, 50.857518276216567 ], [ 7.765973968675035, 50.856819478291996 ], [ 7.762060729175587, 50.855012051547106 ], [ 7.760673004329848, 50.854035948409148 ], [ 7.759091178623938, 50.854055791517148 ], [ 7.757100600945062, 50.853623915897764 ], [ 7.753860651415112, 50.852005707511537 ], [ 7.753187095374194, 50.851368511668326 ], [ 7.753434777524421, 50.850546021486622 ], [ 7.75482370764324, 50.849183282893279 ], [ 7.760335231900912, 50.848575167558437 ], [ 7.760698520649607, 50.846269770916244 ], [ 7.762187497518464, 50.845134406851251 ], [ 7.761030018802483, 50.844503849830474 ], [ 7.758043379387438, 50.843482424463652 ], [ 7.753877688839784, 50.844487935870092 ], [ 7.746740596232407, 50.846857959320467 ], [ 7.741275291263026, 50.847071088608743 ], [ 7.736914974203889, 50.847240941038628 ], [ 7.734607788822582, 50.848072213736657 ], [ 7.729342105294201, 50.850522789142232 ], [ 7.72673516867331, 50.847489249754382 ], [ 7.725301403279316, 50.846117098704497 ], [ 7.723869449720866, 50.844746584642408 ], [ 7.721688514306291, 50.843163734862536 ], [ 7.720083682952867, 50.842574904034819 ], [ 7.714285524739504, 50.840447185047253 ], [ 7.714166062609414, 50.839350265577842 ], [ 7.713982721753792, 50.837666688037977 ], [ 7.713613872877277, 50.833615039779609 ], [ 7.70948304974362, 50.834452205576397 ], [ 7.706390791812721, 50.833855578837358 ], [ 7.706503992588617, 50.831022034220872 ], [ 7.706502579917472, 50.830571798664415 ], [ 7.705379758472792, 50.829661463945776 ], [ 7.702828695531307, 50.827593002135067 ], [ 7.699427105651395, 50.825011450799188 ], [ 7.691630063690257, 50.82351914868044 ], [ 7.687781406470547, 50.822647398721443 ], [ 7.685444748280496, 50.82237344648501 ], [ 7.684072501515413, 50.822234143582982 ], [ 7.681714914601432, 50.821994774797496 ], [ 7.679092004855039, 50.820806929102289 ], [ 7.677826655960081, 50.820090037189935 ], [ 7.676544033554928, 50.819658593666695 ], [ 7.675551220324634, 50.819479635285482 ], [ 7.674628277412872, 50.819195102924887 ], [ 7.673647575550924, 50.819242686409822 ], [ 7.673087895429017, 50.819479198601158 ], [ 7.672297650085435, 50.81972670525311 ], [ 7.6712282646174, 50.819500516957163 ], [ 7.670928562795991, 50.819313287152958 ], [ 7.670529983115182, 50.819178606747634 ], [ 7.670067104638369, 50.818750402271363 ], [ 7.66920991222731, 50.81862228391735 ], [ 7.668333915288621, 50.818803407377317 ], [ 7.667500491238814, 50.819211889383574 ], [ 7.66641321675905, 50.820755261565942 ], [ 7.661003633127761, 50.820364303209509 ], [ 7.662890624907738, 50.818789699047166 ], [ 7.662524181990544, 50.817105947784107 ], [ 7.664109173083343, 50.815352860300656 ], [ 7.667759008611923, 50.814212777972358 ], [ 7.66872092823298, 50.813235662859597 ], [ 7.669897680146078, 50.812435313436353 ], [ 7.672270095848384, 50.812007167363781 ], [ 7.674410013635944, 50.812179471048573 ], [ 7.676356372014676, 50.812335414379056 ], [ 7.67697604624636, 50.811533768990024 ], [ 7.679510539198374, 50.810046705892049 ], [ 7.678743606600309, 50.809100625038013 ], [ 7.674991344597438, 50.806533145865075 ], [ 7.675763363028895, 50.805745657097617 ], [ 7.676187809698098, 50.804698223114016 ], [ 7.675047644481641, 50.802669271263511 ], [ 7.67557086434726, 50.802224600942218 ], [ 7.677095476880818, 50.801632777938416 ], [ 7.678590485207345, 50.800039623655096 ], [ 7.678806975957464, 50.799444536035068 ], [ 7.680062923202742, 50.798817552604206 ], [ 7.679882644768152, 50.798069872401541 ], [ 7.680610127768164, 50.797229912681935 ], [ 7.681810585177886, 50.79677309247802 ], [ 7.682222418615424, 50.795368529384945 ], [ 7.682116823463489, 50.79469359004338 ], [ 7.680972185259986, 50.793649635039657 ], [ 7.679764057678532, 50.792251622333545 ], [ 7.679154416052044, 50.790354918967438 ], [ 7.679026762310801, 50.789503054803284 ], [ 7.678638479238499, 50.786911771731305 ], [ 7.678651851373575, 50.784580013382424 ], [ 7.678268724014603, 50.783252580233373 ], [ 7.67783007946079, 50.781732695922344 ], [ 7.676955624558746, 50.78045982090309 ], [ 7.676436332513085, 50.779888913025815 ], [ 7.67594487023223, 50.779327684707397 ], [ 7.673930102433649, 50.780935356603493 ], [ 7.672517934258467, 50.782206531674973 ], [ 7.671087651549199, 50.784242608089002 ], [ 7.669881494063159, 50.785626832650792 ], [ 7.668455510189221, 50.786186292536186 ], [ 7.666295830658933, 50.78643066501138 ], [ 7.664161303302754, 50.786261417453666 ], [ 7.661945527705515, 50.786027111468762 ], [ 7.660013498013604, 50.785565602738558 ], [ 7.6589363738066, 50.784827873567203 ], [ 7.658550526913978, 50.78370188641675 ], [ 7.658715122701732, 50.782400300075231 ], [ 7.658743524540572, 50.780537110183211 ], [ 7.658866915145855, 50.780143946159278 ], [ 7.659211453686229, 50.778918803965148 ], [ 7.659956379597507, 50.77741533508371 ], [ 7.660588786405598, 50.776359319848822 ], [ 7.660698454874232, 50.776190925130976 ], [ 7.661681543579596, 50.774972413522583 ], [ 7.662305665876532, 50.774051251694331 ], [ 7.662161360074923, 50.773156296060129 ], [ 7.661569852662439, 50.772376448545259 ], [ 7.660436907005524, 50.77139424338835 ], [ 7.659470789302129, 50.770704251958222 ], [ 7.658681340559306, 50.77014464321001 ], [ 7.657843816326255, 50.769908004033063 ], [ 7.656908700674675, 50.769641951632124 ], [ 7.654814123152122, 50.769761630008354 ], [ 7.656021702827106, 50.76885557299353 ], [ 7.655450742501623, 50.76786954396988 ], [ 7.653817979329058, 50.768358596147358 ], [ 7.645393592129222, 50.770881377579251 ], [ 7.644573730788389, 50.769546093277981 ], [ 7.640412941873199, 50.769119041972154 ], [ 7.636001128598277, 50.769514342881827 ], [ 7.629198227772428, 50.768851757715275 ], [ 7.627751792514498, 50.769645002704429 ], [ 7.62581090102429, 50.769682650751527 ], [ 7.621773734716808, 50.769353741476387 ], [ 7.61816880942677, 50.770170827817587 ], [ 7.61610138876892, 50.769390036340049 ], [ 7.615716414726867, 50.768498015626555 ], [ 7.615298331913264, 50.768370550995861 ], [ 7.614350982885705, 50.768076830576291 ], [ 7.614137769662306, 50.76808052575263 ], [ 7.612958286246518, 50.768096170305412 ], [ 7.612656668294592, 50.76815168737572 ], [ 7.611721784294503, 50.768344499075013 ], [ 7.610683507628633, 50.76837264441572 ], [ 7.609201598415963, 50.768227633586626 ], [ 7.608200698937991, 50.767653385698935 ], [ 7.607016084508122, 50.767065537812144 ], [ 7.606015016645893, 50.76626615206478 ], [ 7.605532798227219, 50.766028994841179 ], [ 7.604911613632839, 50.765743341014534 ], [ 7.603774156525314, 50.765768945241511 ], [ 7.603048576276501, 50.766020945020735 ], [ 7.602439194594925, 50.766230823207962 ], [ 7.601042633709756, 50.766312953871974 ], [ 7.599850870958455, 50.765841910198219 ], [ 7.599471090320925, 50.765328148858067 ], [ 7.599051587942285, 50.764768368783287 ], [ 7.598749979109609, 50.76413950213523 ], [ 7.598510861428599, 50.76364726790473 ], [ 7.598660273447888, 50.762615482883909 ], [ 7.598971571946073, 50.761947934011495 ], [ 7.59902640740675, 50.76106685862446 ], [ 7.598454944672938, 50.760440238421161 ], [ 7.59743681121402, 50.759919485840271 ], [ 7.595876886698486, 50.759664287414388 ], [ 7.594437494659533, 50.759069915553759 ], [ 7.593089350576419, 50.758378763631029 ], [ 7.592112823387297, 50.757192664417651 ], [ 7.591616718110717, 50.75619976809385 ], [ 7.591505261397565, 50.755781698978133 ], [ 7.591641342006464, 50.754965695419131 ], [ 7.592510724190664, 50.753771894793303 ], [ 7.593521944096748, 50.752806762437508 ], [ 7.594710635335, 50.751954128385975 ], [ 7.595297177508906, 50.750969326565937 ], [ 7.595282827819783, 50.750221314217974 ], [ 7.595066624522528, 50.7496578787283 ], [ 7.594630738556338, 50.748908569972734 ], [ 7.594061887635573, 50.74847108475921 ], [ 7.59322252179699, 50.747819702563241 ], [ 7.593106842512601, 50.746943352671259 ], [ 7.593082670076422, 50.746420478762694 ], [ 7.593298915281077, 50.745228292617185 ], [ 7.593653883515905, 50.743859495120383 ], [ 7.593829598189768, 50.743089507979107 ], [ 7.593785002754862, 50.74175570725729 ], [ 7.593107940932308, 50.741000196780611 ], [ 7.592879805448407, 50.740796510587806 ], [ 7.59237485846825, 50.740545392775751 ], [ 7.591521558573173, 50.740276160252421 ], [ 7.590126877369052, 50.740340178439979 ], [ 7.58933512568089, 50.740293269268797 ], [ 7.588727565456774, 50.740250984797683 ], [ 7.587282254632727, 50.73998952914819 ], [ 7.586267375976113, 50.739198606233458 ], [ 7.584923860944174, 50.738444425228792 ], [ 7.583311314863936, 50.737908568740465 ], [ 7.580246126533797, 50.738137490253266 ], [ 7.57409236528556, 50.740323404505887 ], [ 7.566156048217382, 50.741734482522808 ], [ 7.563058300385414, 50.743375879739091 ], [ 7.560776463807807, 50.74319528134 ], [ 7.558370016635951, 50.743004769636258 ], [ 7.55729957566163, 50.743479907007341 ], [ 7.551900377341836, 50.746343144975981 ], [ 7.550263241660483, 50.745969896988335 ], [ 7.546520716879141, 50.743873199823462 ], [ 7.538970773014797, 50.742136543105673 ], [ 7.534598055617598, 50.740336446804349 ], [ 7.529670261025816, 50.738181602954619 ], [ 7.521534042682632, 50.733655422030871 ], [ 7.521918840975727, 50.736095537343694 ], [ 7.519387883018399, 50.737406590625881 ], [ 7.519515501028053, 50.735633434488669 ], [ 7.519157497700053, 50.733906730582575 ], [ 7.518308592625653, 50.731256553850095 ], [ 7.520123910673252, 50.728996879463267 ], [ 7.516172383719622, 50.729111234722779 ], [ 7.507944529701828, 50.730420758522506 ], [ 7.507441962134748, 50.729408211904044 ], [ 7.504426421394253, 50.729969592823657 ], [ 7.501940671606598, 50.730013317257374 ], [ 7.498162057688967, 50.726556521225298 ], [ 7.496502170056324, 50.726491894803452 ], [ 7.493886278751388, 50.725494788449282 ], [ 7.491564250610546, 50.725907997924466 ], [ 7.492971993090875, 50.723657271597048 ], [ 7.484908315817225, 50.72242996336297 ], [ 7.482339369925382, 50.719819204083748 ], [ 7.479816338248665, 50.71825391023895 ], [ 7.478333517704079, 50.71815217670018 ], [ 7.470065381938229, 50.718431762046222 ], [ 7.468277759165035, 50.718492132320776 ], [ 7.467456896266933, 50.7179559804596 ], [ 7.464948400065714, 50.717747278021967 ], [ 7.464335431328962, 50.718551375341534 ], [ 7.461333344543848, 50.718624557137645 ], [ 7.456464854398675, 50.71808355268039 ], [ 7.453890400431381, 50.715800528895805 ], [ 7.448939174991527, 50.715814210390455 ], [ 7.448619767441904, 50.717444761606806 ], [ 7.444976229605655, 50.716114923760507 ], [ 7.44487087531789, 50.713824783074614 ], [ 7.443665516721459, 50.712650029298665 ], [ 7.443150861571942, 50.711196786424502 ], [ 7.441352987259873, 50.711176144159822 ], [ 7.439151348477064, 50.711088900123862 ], [ 7.435656911325249, 50.710501361754389 ], [ 7.432818252025313, 50.70988584275802 ], [ 7.423396633142524, 50.709950958992486 ], [ 7.418107681386519, 50.712079623901168 ], [ 7.416372506415096, 50.713654396975905 ], [ 7.414923483508262, 50.714975614720053 ], [ 7.411380144874533, 50.716862332680385 ], [ 7.407050971026842, 50.718187622339613 ], [ 7.402799792022013, 50.717479584940101 ], [ 7.400518502348879, 50.716373874077178 ], [ 7.398111081782237, 50.715246724046757 ], [ 7.397282413131045, 50.714269920111313 ], [ 7.392928617057517, 50.714927433771166 ], [ 7.387610560963111, 50.715730322776565 ], [ 7.387535494028822, 50.717493411359449 ], [ 7.38296466176679, 50.716478853256909 ], [ 7.382253076941772, 50.716513722621094 ], [ 7.381506222892146, 50.716439569268218 ], [ 7.380843126546038, 50.716385679513095 ], [ 7.380371319132967, 50.716228873436307 ], [ 7.379740423401017, 50.715905674439064 ], [ 7.37892278615498, 50.715829595888941 ], [ 7.378134395949936, 50.715952425683476 ], [ 7.377695174816247, 50.71615671523162 ], [ 7.377188480740656, 50.716521285503084 ], [ 7.377021009490591, 50.716904012368673 ], [ 7.376770983905625, 50.717248488757271 ], [ 7.376162743715234, 50.717646337886393 ], [ 7.37401075510896, 50.718218641364686 ], [ 7.370877298612539, 50.715234130691528 ], [ 7.373167163026054, 50.714719647220477 ], [ 7.371746793958729, 50.712844097864185 ], [ 7.369281389552192, 50.713227722658623 ], [ 7.368617664752158, 50.71229340900269 ], [ 7.369989216109773, 50.711987389707893 ], [ 7.3696325184851, 50.71126291081373 ], [ 7.369264341508374, 50.710709679422308 ], [ 7.368686745024647, 50.70992203373855 ], [ 7.368017353634869, 50.709160493694263 ], [ 7.367756354598939, 50.708352817628075 ], [ 7.36768281939429, 50.707435840910406 ], [ 7.367191351522149, 50.706707703666851 ], [ 7.366500948260415, 50.706260111144303 ], [ 7.365435652084196, 50.706031107335939 ], [ 7.364116033187229, 50.705566454398387 ], [ 7.363069949613606, 50.705052014333589 ], [ 7.362432231216912, 50.704491449648074 ], [ 7.362470610777732, 50.703920622188491 ], [ 7.362923076609547, 50.703218053822845 ], [ 7.363017903446399, 50.702477196562576 ], [ 7.362889935666886, 50.701701704947979 ], [ 7.362433949863889, 50.701117473435737 ], [ 7.361331526492607, 50.7007730469495 ], [ 7.360225280377927, 50.700485693488488 ], [ 7.359409816847909, 50.699891692692617 ], [ 7.358466878339242, 50.698993705361659 ], [ 7.357136449314964, 50.697903894731077 ], [ 7.358011327975881, 50.697756545893185 ], [ 7.359149802116179, 50.69727412609322 ], [ 7.360181561262671, 50.697113008414149 ], [ 7.362662062441295, 50.697126262049927 ], [ 7.364150605416476, 50.697130592958551 ], [ 7.366004727989891, 50.697180830908025 ], [ 7.367405937771341, 50.697218777291724 ], [ 7.368307872039241, 50.697090095905793 ], [ 7.368079648968967, 50.69668766508466 ], [ 7.366343085454051, 50.693830845637848 ], [ 7.364635414815099, 50.69223558558793 ], [ 7.367123385786109, 50.690654933426849 ], [ 7.36721207235322, 50.689333488351501 ], [ 7.365116163121099, 50.687610641507881 ], [ 7.367356456514437, 50.685491938759967 ], [ 7.372062798634352, 50.682107064216694 ], [ 7.371846672723729, 50.681101582302936 ], [ 7.366175165602084, 50.68070489554092 ], [ 7.367417984734454, 50.679504774143538 ], [ 7.369987057482005, 50.677971306380208 ], [ 7.369601165187032, 50.6745513650174 ], [ 7.369315910700002, 50.672549689325365 ], [ 7.365419011457935, 50.672966458068899 ], [ 7.364317150417497, 50.672702435118161 ], [ 7.363635199182232, 50.672305698423713 ], [ 7.362946105972111, 50.67119798109038 ], [ 7.355820998374532, 50.665231057784268 ], [ 7.356492030727132, 50.663682291070359 ], [ 7.355729563893758, 50.662532920812907 ], [ 7.355167212454255, 50.661682992436972 ], [ 7.355313996746272, 50.658661027143353 ], [ 7.355510098926253, 50.656771533672284 ], [ 7.355657061327491, 50.655355403391518 ], [ 7.357665186053684, 50.654923919374106 ], [ 7.358556631506886, 50.652156934732325 ], [ 7.358774701005702, 50.650773764519229 ], [ 7.358976516226311, 50.649493620246126 ], [ 7.356794303962839, 50.648659769538227 ], [ 7.350552877043396, 50.646274449905874 ], [ 7.345936538712175, 50.644788671684495 ], [ 7.341480946042148, 50.643347801275574 ], [ 7.338701495917761, 50.642447581304332 ], [ 7.338049839387759, 50.642240628725112 ], [ 7.33721041303951, 50.641781909820153 ], [ 7.335482232551126, 50.640837468884655 ], [ 7.333480804112027, 50.638396068469184 ], [ 7.332867213535345, 50.638549071358526 ], [ 7.33199319348404, 50.63886742339082 ], [ 7.331280506187806, 50.63921007212835 ], [ 7.330536596460453, 50.639570923308824 ], [ 7.329783407240114, 50.639626513179131 ], [ 7.32891698908306, 50.639583678163731 ], [ 7.328280899214278, 50.63968059666302 ], [ 7.327539542368107, 50.640003374475242 ], [ 7.326540511116719, 50.640147506975602 ], [ 7.325484218106019, 50.640251932929509 ], [ 7.324930119113649, 50.64046546186897 ], [ 7.324308413726583, 50.640791507403939 ], [ 7.323726967401621, 50.640966154281749 ], [ 7.323167677525126, 50.641255784537563 ], [ 7.322616308486936, 50.641869695709822 ], [ 7.318744302133203, 50.640591624102264 ], [ 7.316457221250947, 50.638711246634472 ], [ 7.314631696405111, 50.638598484775471 ], [ 7.314668333418584, 50.637437715093697 ], [ 7.313097427027268, 50.637007139394186 ], [ 7.311185049377408, 50.638053118584715 ], [ 7.30821604734093, 50.638187291979101 ], [ 7.305099529229148, 50.637578811261548 ], [ 7.301414767687728, 50.635135280589232 ], [ 7.298883047903271, 50.633849340070881 ], [ 7.297323120186136, 50.631815754614415 ], [ 7.282942937537268, 50.628840455985724 ], [ 7.27691444110133, 50.627969936943813 ], [ 7.272061906057096, 50.627501219212185 ], [ 7.271394220215548, 50.627121861361488 ], [ 7.270995168147068, 50.626824758699861 ], [ 7.270324287846593, 50.626558180587466 ], [ 7.269250099027128, 50.62649001763905 ], [ 7.267153892039824, 50.626438854901124 ], [ 7.266346048221337, 50.626446890270259 ], [ 7.265878946073947, 50.626700701622276 ], [ 7.265396037138513, 50.627182829755476 ], [ 7.26474944882047, 50.6274316111963 ], [ 7.263948409234195, 50.627313857626724 ], [ 7.26343766033088, 50.626899217495748 ], [ 7.262825723942274, 50.626214851439933 ], [ 7.262088888486293, 50.625603234708692 ], [ 7.260618399631574, 50.625199803321991 ], [ 7.259150142950941, 50.625196747017718 ], [ 7.257966918162845, 50.624972910714504 ], [ 7.257179137424952, 50.624664846840581 ], [ 7.256465253938763, 50.624587612826417 ], [ 7.255669101976596, 50.624832144158759 ], [ 7.254382010723537, 50.625672910349316 ], [ 7.253130906675755, 50.626857817835422 ], [ 7.251955077281762, 50.627838769414879 ], [ 7.251538884446865, 50.626711848990645 ], [ 7.249981653759704, 50.627125574347502 ], [ 7.247978505764936, 50.626840438807378 ], [ 7.247355512319675, 50.6273948068606 ], [ 7.245759470218761, 50.627222603197531 ], [ 7.240407027264384, 50.627113168783133 ], [ 7.240194799689359, 50.628222405011762 ], [ 7.237048051964835, 50.628219355660178 ], [ 7.234703937028017, 50.62766699713633 ], [ 7.229815385272481, 50.627500119123141 ], [ 7.228827027477788, 50.627258797498385 ], [ 7.227412598814187, 50.626913714981953 ], [ 7.226030026930649, 50.626969859107426 ], [ 7.221899568937053, 50.628052090193485 ], [ 7.217027616003052, 50.628066850713537 ], [ 7.215715899140309, 50.627900813532243 ], [ 7.216317145474353, 50.62444462809475 ], [ 7.215499241024655, 50.623716008266278 ], [ 7.214678922101555, 50.623431935848529 ], [ 7.212916774511342, 50.62345329368884 ], [ 7.211851062479178, 50.629828084684348 ], [ 7.211453232621909, 50.634036615392361 ], [ 7.211973201276995, 50.639427463196107 ], [ 7.212104005956836, 50.643320241808915 ], [ 7.212084014980991, 50.645521565246057 ], [ 7.211850946313879, 50.646916138182711 ], [ 7.211464004624473, 50.648160172758224 ], [ 7.210721826642496, 50.649751018856868 ], [ 7.209278227954617, 50.649569527236082 ], [ 7.208043626989905, 50.649460296073883 ], [ 7.20711852330274, 50.649290962135133 ], [ 7.205450336197072, 50.649028949571374 ], [ 7.20514991579319, 50.649568477790496 ], [ 7.203823419228433, 50.649244692112056 ], [ 7.203353214204223, 50.650065335750377 ], [ 7.201311178404236, 50.648919881576724 ], [ 7.198485710439619, 50.648208735343374 ], [ 7.19881094726391, 50.646980740115893 ], [ 7.197262762553989, 50.645669936506636 ], [ 7.195200521232132, 50.642723210339575 ], [ 7.193730685191543, 50.637733111749547 ], [ 7.190635542679388, 50.636041308723911 ], [ 7.1892489123339, 50.629426676209341 ], [ 7.190402595595365, 50.626532550330133 ], [ 7.189380740098803, 50.625566570234689 ], [ 7.189838907815954, 50.623895443663599 ], [ 7.186866889861206, 50.622279091693926 ], [ 7.183861552256059, 50.622931402527072 ], [ 7.180214671093021, 50.622448361327997 ], [ 7.179494628756696, 50.622039575759445 ], [ 7.173981968735087, 50.618909518683516 ], [ 7.173902490875949, 50.616643488485686 ], [ 7.173796903857268, 50.613632744534215 ], [ 7.173019848657466, 50.612552283893123 ], [ 7.169309391226558, 50.612273747259216 ], [ 7.167980239101612, 50.612635758383405 ], [ 7.164716277974963, 50.612398552465109 ], [ 7.158310623503463, 50.613986398026647 ], [ 7.157159429869786, 50.614208615869188 ], [ 7.15471736700489, 50.614705337480366 ], [ 7.152217822175031, 50.613038679812334 ], [ 7.15160733092359, 50.609981844140627 ], [ 7.150922212616285, 50.609983239418582 ], [ 7.150196197576941, 50.609855865466606 ], [ 7.149216780555429, 50.609483967587678 ], [ 7.148835636328426, 50.608482142739867 ], [ 7.148109427891311, 50.606173298894447 ], [ 7.147851587151423, 50.600293280381855 ], [ 7.141507238345111, 50.600550237130847 ], [ 7.139808746271139, 50.600637938423624 ], [ 7.139997814591191, 50.601758734256549 ], [ 7.135429964700406, 50.602169056713926 ], [ 7.135596678067825, 50.602974640954301 ], [ 7.131232318980584, 50.603676706160684 ], [ 7.127492245911211, 50.605538327080517 ], [ 7.12584609980288, 50.606362509364288 ], [ 7.125155784421493, 50.608278856805136 ], [ 7.121426213067633, 50.610529651667775 ], [ 7.119386718963174, 50.612307412642387 ], [ 7.115121105379344, 50.611786144611827 ], [ 7.111822069398195, 50.60925746364591 ], [ 7.112789421502012, 50.608213993074031 ], [ 7.112644925833597, 50.605714773515295 ], [ 7.111301354891936, 50.603911796763967 ], [ 7.110284415069533, 50.602547033677581 ], [ 7.111898937181498, 50.60194590932975 ], [ 7.105319919644165, 50.596654581339138 ], [ 7.10505306419606, 50.594872316666105 ], [ 7.104723509341548, 50.592394652575067 ], [ 7.103796715892211, 50.591322552511599 ], [ 7.100039845741803, 50.589086247913507 ], [ 7.097528004706989, 50.588248202617649 ], [ 7.09509463922555, 50.58743625918494 ], [ 7.095271315735617, 50.586369608697979 ], [ 7.093399822844952, 50.586035158927949 ], [ 7.091520818668876, 50.585954653056788 ], [ 7.090808454974309, 50.585909660426168 ], [ 7.087431034272478, 50.586011948999513 ], [ 7.084867237104155, 50.586440521937227 ], [ 7.085476051102716, 50.588178930431823 ], [ 7.082189198854514, 50.589072348552698 ], [ 7.079525643606494, 50.589894497872685 ], [ 7.07618154824827, 50.590926578490894 ], [ 7.072509498783487, 50.592059710523301 ], [ 7.071477845252083, 50.593058618497942 ], [ 7.069972060706622, 50.592883275922453 ], [ 7.069025677568019, 50.592744234342334 ], [ 7.068241227105068, 50.593792795596116 ], [ 7.066463446617694, 50.597577086136162 ], [ 7.066347430488635, 50.60069920793498 ], [ 7.061354252441737, 50.600469524827972 ], [ 7.059252758820759, 50.600370881585313 ], [ 7.059071399946536, 50.603797316784295 ], [ 7.056131464367149, 50.606240759274165 ], [ 7.05508215750756, 50.604921387155422 ], [ 7.051498130718837, 50.603427239283974 ], [ 7.051184668361686, 50.604606866100298 ], [ 7.049194475602502, 50.604340228519668 ], [ 7.049009057292948, 50.603208746404597 ], [ 7.046810394012796, 50.601859658934799 ], [ 7.036098554298682, 50.594897105161614 ], [ 7.03528494984394, 50.594359485286382 ], [ 7.031971120347567, 50.589970087932286 ], [ 7.026274409755191, 50.585666784800431 ], [ 7.025754502681023, 50.585273992674139 ], [ 7.023407256422638, 50.583569585696338 ], [ 7.022367013180099, 50.582699178011396 ], [ 7.015911208282646, 50.576988422282831 ], [ 7.0127161503191, 50.574661136642746 ], [ 7.010241944225545, 50.572910070704715 ], [ 7.006078682617843, 50.570216219999963 ], [ 6.998096294653112, 50.565049904666694 ], [ 6.99186430764291, 50.564230000489573 ], [ 6.985679764729575, 50.56485245910423 ], [ 6.983576971740068, 50.56573420623932 ], [ 6.981033318353889, 50.564475632633993 ], [ 6.977294072070111, 50.563446295889314 ], [ 6.976577608193815, 50.562823808016596 ], [ 6.976862059291481, 50.561431085144648 ], [ 6.97610459670051, 50.557775715719139 ], [ 6.975108733450293, 50.557287680641579 ], [ 6.972098291010949, 50.555907358900747 ], [ 6.968932658889038, 50.556978956655769 ], [ 6.967729351657132, 50.557386252321081 ], [ 6.965971057770113, 50.55656112334232 ], [ 6.960440820683892, 50.556223553276823 ], [ 6.959094382161413, 50.55681143515821 ], [ 6.956515510208968, 50.55703307322694 ], [ 6.956139623032424, 50.560876969636894 ], [ 6.953729629537574, 50.561251311443741 ], [ 6.953090439056995, 50.562575889558047 ], [ 6.951382132916873, 50.563379075798103 ], [ 6.948484604054341, 50.562425122492549 ], [ 6.947315423290904, 50.563668268419065 ], [ 6.945858945021889, 50.563479271176057 ], [ 6.944052925054788, 50.563423610130087 ], [ 6.939217364988719, 50.562292551229405 ], [ 6.939338075881708, 50.561449511404163 ], [ 6.939373381034331, 50.561171348606734 ], [ 6.936695550138583, 50.560494114598939 ], [ 6.930971323337348, 50.560452254160602 ], [ 6.927901086871075, 50.558618624293693 ] ] ], [ [ [ 6.237931246424866, 50.577854087061645 ], [ 6.2376746896672, 50.576495018056676 ], [ 6.237304265238514, 50.575789232103162 ], [ 6.235980873809041, 50.574336326453164 ], [ 6.235555739255306, 50.573509885796511 ], [ 6.235213672808721, 50.572493695129666 ], [ 6.234893635162193, 50.571236083703909 ], [ 6.23468192252107, 50.569982478111967 ], [ 6.234747272682973, 50.568669908590962 ], [ 6.234694884618204, 50.567456798766351 ], [ 6.234184140686547, 50.566503574467667 ], [ 6.233728246190615, 50.566140659822587 ], [ 6.232486319012399, 50.565635937835253 ], [ 6.229904422545924, 50.564580323222451 ], [ 6.228027552734017, 50.563714888733145 ], [ 6.22670165681351, 50.562766026562365 ], [ 6.225901501793098, 50.562009662511336 ], [ 6.225569615383002, 50.561038534228203 ], [ 6.225403096870062, 50.559775186808125 ], [ 6.225170183105723, 50.558210049772001 ], [ 6.225064635504475, 50.557308154145247 ], [ 6.224700419564267, 50.556666061559611 ], [ 6.224080264748681, 50.556253937223666 ], [ 6.223264629642379, 50.555924356366319 ], [ 6.222198506415211, 50.555765072327404 ], [ 6.221352887304845, 50.555763625428462 ], [ 6.220397241779194, 50.555937685458126 ], [ 6.219133330982578, 50.556399620871495 ], [ 6.217861203139666, 50.556951037003984 ], [ 6.216957810188784, 50.557067144429709 ], [ 6.215869831811586, 50.557146453499648 ], [ 6.214462245996798, 50.557124074707637 ], [ 6.213487049421996, 50.556998022636613 ], [ 6.212434603497832, 50.556689490946532 ], [ 6.210946711206544, 50.556005554180544 ], [ 6.20962122492257, 50.555088176077376 ], [ 6.209009430912818, 50.554586476768421 ], [ 6.208719954242224, 50.554156638441988 ], [ 6.208488252818873, 50.553609216668022 ], [ 6.208358410939697, 50.552975787615409 ], [ 6.208253198801001, 50.552073876727924 ], [ 6.208071071348942, 50.551498367171014 ], [ 6.20760801494979, 50.550912396144511 ], [ 6.206844590868023, 50.550015906036371 ], [ 6.206618404300842, 50.549408818558319 ], [ 6.206469151556541, 50.54847533132159 ], [ 6.206165475167595, 50.547176892878248 ], [ 6.205757515820838, 50.546503165656041 ], [ 6.205101796454006, 50.5459698706062 ], [ 6.204426925174456, 50.545645390015061 ], [ 6.203146189940481, 50.54526838803433 ], [ 6.201446874942151, 50.544845827551327 ], [ 6.200587524695188, 50.54448450982688 ], [ 6.200058631282902, 50.544105579851582 ], [ 6.199565382275331, 50.543338844486939 ], [ 6.19894267380423, 50.542447541297761 ], [ 6.198171327797555, 50.541640487217443 ], [ 6.197493630618985, 50.540836922166605 ], [ 6.197176276118996, 50.540295067783504 ], [ 6.197003013343277, 50.539531469627242 ], [ 6.196840083937682, 50.538238250921758 ], [ 6.196654860082901, 50.536165979211184 ], [ 6.19574219331647, 50.536203683289251 ], [ 6.194219492473782, 50.536921921065975 ], [ 6.190834071558138, 50.538516876533855 ], [ 6.189813593019703, 50.539001473170472 ], [ 6.188646502132547, 50.540309779971103 ], [ 6.18566915552437, 50.541174200181921 ], [ 6.185071541992092, 50.541347693198091 ], [ 6.184745637576361, 50.541444264992833 ], [ 6.184315408128751, 50.541571748921193 ], [ 6.180490658494768, 50.541022875338975 ], [ 6.178726298197913, 50.541443445347497 ], [ 6.178032318935295, 50.541606699419958 ], [ 6.178379420562786, 50.552092996608003 ], [ 6.178442395430486, 50.55401515872984 ], [ 6.176083582238958, 50.556116911182187 ], [ 6.174154402354183, 50.556477173461481 ], [ 6.174412223801192, 50.557514349749958 ], [ 6.181664671772148, 50.560796607365049 ], [ 6.183232481749549, 50.561871753954769 ], [ 6.186641950969268, 50.564209600762389 ], [ 6.188402161937021, 50.564424440146531 ], [ 6.189090762527397, 50.564508477946482 ], [ 6.189312571212222, 50.566094058324445 ], [ 6.191915561323697, 50.565488315938509 ], [ 6.192601659600433, 50.565721246768717 ], [ 6.194372105768411, 50.566319135545648 ], [ 6.203098906612555, 50.569294460541528 ], [ 6.204510168764063, 50.571032460084922 ], [ 6.203711492737596, 50.571561513953561 ], [ 6.203731728591705, 50.572264031361215 ], [ 6.206664374897882, 50.574699830660734 ], [ 6.205966601933217, 50.575033336022663 ], [ 6.20625191110549, 50.576261234020023 ], [ 6.207593676585716, 50.576140439236596 ], [ 6.208109914163721, 50.576375960643219 ], [ 6.214834759114707, 50.579447035339676 ], [ 6.216058301009692, 50.579997204740081 ], [ 6.21907413677294, 50.581379983243821 ], [ 6.222134140237801, 50.584602934128867 ], [ 6.222497309874082, 50.586977764758132 ], [ 6.22518052139018, 50.590457027386783 ], [ 6.227598156820314, 50.590339283736839 ], [ 6.229419045892347, 50.590244467117891 ], [ 6.237609862672429, 50.587987738175094 ], [ 6.238553191005122, 50.587734178516321 ], [ 6.238819923972535, 50.587659179383792 ], [ 6.239548235538598, 50.587454390860067 ], [ 6.239171747686292, 50.586308880389353 ], [ 6.238653681029138, 50.584836343596294 ], [ 6.23824084290255, 50.583402296107508 ], [ 6.237856320515466, 50.581657848538583 ], [ 6.237730810172834, 50.580649671468471 ], [ 6.237821966357519, 50.579649499187489 ], [ 6.237906832328735, 50.578718305118109 ], [ 6.237931246424866, 50.577854087061645 ] ] ], [ [ [ 6.182307447812255, 50.645128987527251 ], [ 6.182467384416026, 50.644409546984917 ], [ 6.182890196362473, 50.643323767388459 ], [ 6.18341934634499, 50.642250089181651 ], [ 6.183932735702466, 50.641346672240864 ], [ 6.184852485124638, 50.640697629363075 ], [ 6.185517590681073, 50.640291657470634 ], [ 6.18655021396633, 50.639770104856737 ], [ 6.188229185651077, 50.639257837730803 ], [ 6.190500066257655, 50.638892444957406 ], [ 6.191794662622272, 50.638838233063105 ], [ 6.193023147605633, 50.638918222505296 ], [ 6.196217470812447, 50.639823214080863 ], [ 6.197279063697522, 50.639965278306796 ], [ 6.198945399172073, 50.639959003880193 ], [ 6.200763734720152, 50.639676883218648 ], [ 6.202583381250384, 50.639394526688434 ], [ 6.203540456268185, 50.639345915038916 ], [ 6.205890686121707, 50.639226507981434 ], [ 6.208095624002005, 50.639205956791194 ], [ 6.212160297734784, 50.639165006215315 ], [ 6.21465062251192, 50.639210171391092 ], [ 6.218115786650557, 50.639509538546598 ], [ 6.221307000695814, 50.639866990874296 ], [ 6.221488029708875, 50.639898057005027 ], [ 6.222576638184036, 50.640084864973332 ], [ 6.222720367845187, 50.640130957419544 ], [ 6.224142658171169, 50.640587052870018 ], [ 6.22486433519607, 50.640921292223503 ], [ 6.225724866085609, 50.641499850091193 ], [ 6.226610928693767, 50.642386868811016 ], [ 6.22714083033464, 50.643055688666017 ], [ 6.227358757434088, 50.643610458821655 ], [ 6.227328193506292, 50.644531898884566 ], [ 6.227468242488415, 50.645938019635764 ], [ 6.227629513570133, 50.646524862418531 ], [ 6.22795146712521, 50.647117647345794 ], [ 6.228610367276941, 50.647552043974109 ], [ 6.229278622870604, 50.647884275280283 ], [ 6.229908898076149, 50.64804425116035 ], [ 6.230712312217052, 50.648073946231541 ], [ 6.2315219543916, 50.64803552734309 ], [ 6.232403829206018, 50.647794756981419 ], [ 6.23302411635183, 50.647475979622435 ], [ 6.233593944698956, 50.647121165567064 ], [ 6.235198681540645, 50.645437800328452 ], [ 6.236366228155049, 50.644421660647915 ], [ 6.236948429559126, 50.643930613617577 ], [ 6.237515076698887, 50.643609835492228 ], [ 6.239095434670924, 50.642779750129748 ], [ 6.241371178922411, 50.641394414580688 ], [ 6.243017362341445, 50.640430032214063 ], [ 6.244506729870324, 50.640006552470609 ], [ 6.245495490924836, 50.639769628424233 ], [ 6.246575838402744, 50.639706912409515 ], [ 6.247649983413211, 50.63971229565459 ], [ 6.249357458070272, 50.639843484978947 ], [ 6.254310356224601, 50.640464339924534 ], [ 6.259480928041017, 50.641377331792626 ], [ 6.260807430214445, 50.641562698160584 ], [ 6.262152484722884, 50.641543719132656 ], [ 6.263138098106756, 50.641340699216578 ], [ 6.263315912454838, 50.641267403736734 ], [ 6.263975395275057, 50.640995558435812 ], [ 6.26450062183194, 50.640536463697849 ], [ 6.26492490564278, 50.640005329044818 ], [ 6.266968862231138, 50.636424256734614 ], [ 6.267901693613316, 50.635023379045819 ], [ 6.268815961039288, 50.633826825131216 ], [ 6.270330004422659, 50.631929205809506 ], [ 6.271165189224321, 50.630427725233936 ], [ 6.271318514150439, 50.629920818325296 ], [ 6.271156752152747, 50.62933403651396 ], [ 6.270916792286842, 50.629017735879721 ], [ 6.270059015609267, 50.628405459150073 ], [ 6.26824262124925, 50.627108852907192 ], [ 6.267624818341033, 50.626642207908375 ], [ 6.26747393314892, 50.626528237676865 ], [ 6.266745818073325, 50.627228522460477 ], [ 6.262415947498389, 50.628012666992859 ], [ 6.260837456282371, 50.628560496295115 ], [ 6.257357750605331, 50.627632004937041 ], [ 6.255476350251007, 50.627130257067584 ], [ 6.251808800287767, 50.626950319067461 ], [ 6.236586515618773, 50.626227034729425 ], [ 6.235839546892819, 50.626028209133445 ], [ 6.235461083519135, 50.625926136543669 ], [ 6.230874865830923, 50.627485079699895 ], [ 6.221135154936731, 50.630792795674573 ], [ 6.217990980016295, 50.631856933518996 ], [ 6.216922169675371, 50.63221755278834 ], [ 6.215121972242956, 50.63119798061998 ], [ 6.213030100928615, 50.631869607467664 ], [ 6.210826954115557, 50.631022586158863 ], [ 6.208522054192633, 50.631829698578279 ], [ 6.208048569783213, 50.631254133531833 ], [ 6.204243358863887, 50.632021333077041 ], [ 6.202852066241355, 50.632431885803442 ], [ 6.201510455604192, 50.632302244255939 ], [ 6.200885589821512, 50.631465940340306 ], [ 6.199583734832853, 50.631449348904916 ], [ 6.19887147779372, 50.632379344403162 ], [ 6.197447830056835, 50.632868340289804 ], [ 6.196385491830539, 50.632972233713211 ], [ 6.19512486037168, 50.633323798230514 ], [ 6.194321000757713, 50.633906030040862 ], [ 6.19402442673049, 50.633840745015576 ], [ 6.191918522323731, 50.633028863657636 ], [ 6.19112189144627, 50.632154208170519 ], [ 6.189503684730448, 50.630132928376931 ], [ 6.187248131765957, 50.630081930787746 ], [ 6.188770271714785, 50.627407807153894 ], [ 6.185629484412861, 50.626434248418747 ], [ 6.181838383919254, 50.623759837039628 ], [ 6.180209624688579, 50.624365880791046 ], [ 6.176146264784516, 50.625863190065324 ], [ 6.175562215890851, 50.62727441193681 ], [ 6.180152351974351, 50.628509784595536 ], [ 6.181956958515892, 50.630682528312256 ], [ 6.183155300758775, 50.632125201311169 ], [ 6.183289224932528, 50.632286425854886 ], [ 6.182232027639267, 50.632770579325786 ], [ 6.180832781549343, 50.633411347445808 ], [ 6.180253753434141, 50.633849359453144 ], [ 6.167739029761331, 50.6428604279821 ], [ 6.166590343249644, 50.643687283507909 ], [ 6.169279561075437, 50.64445248410388 ], [ 6.170437028940599, 50.644658113685296 ], [ 6.170886564769104, 50.644702002535112 ], [ 6.171229753424607, 50.644669798480663 ], [ 6.171590397714357, 50.644602194724065 ], [ 6.171893730051491, 50.644388231113574 ], [ 6.172148879887547, 50.644082329459359 ], [ 6.172428924747345, 50.643966637301574 ], [ 6.17298646946645, 50.644068644011504 ], [ 6.174281008289893, 50.644630883932358 ], [ 6.174775405264748, 50.644802622137753 ], [ 6.175066231404908, 50.644876604182727 ], [ 6.175271484085225, 50.64480317065766 ], [ 6.175492539645266, 50.644559078067985 ], [ 6.175654593696574, 50.644339815768788 ], [ 6.175954579071873, 50.644161769658645 ], [ 6.176299423467692, 50.644111586478104 ], [ 6.176670014417915, 50.644242629370204 ], [ 6.177235869601177, 50.644561242140568 ], [ 6.177648013817282, 50.644702849922325 ], [ 6.178035238790136, 50.644654247389269 ], [ 6.178330229828171, 50.644530087447968 ], [ 6.178530492714906, 50.644357316980404 ], [ 6.178752353913151, 50.644410683103864 ], [ 6.178964240016115, 50.644725057046216 ], [ 6.181821974416395, 50.646778763761546 ], [ 6.182378584978273, 50.646950010913983 ], [ 6.182307447812255, 50.645128987527251 ] ] ], [ [ [ 6.192613882770559, 50.662582925990492 ], [ 6.193546495032654, 50.661797602368786 ], [ 6.194404118025551, 50.659553295341773 ], [ 6.194758762146535, 50.658562440550504 ], [ 6.19469872364189, 50.658047650878252 ], [ 6.194424404615811, 50.657524876177433 ], [ 6.188827164882956, 50.653523252948006 ], [ 6.186971554911805, 50.651802172914017 ], [ 6.183854755403621, 50.648864662007156 ], [ 6.183654342821691, 50.648934885720131 ], [ 6.181437334477498, 50.649711679173855 ], [ 6.183353889390398, 50.65198251273587 ], [ 6.183091878915834, 50.652116870982979 ], [ 6.181240486809953, 50.653066219689926 ], [ 6.179766947600363, 50.653822308293165 ], [ 6.178753809586465, 50.654352246160997 ], [ 6.173376190665733, 50.656233026444852 ], [ 6.16862366596285, 50.65962419055306 ], [ 6.166980126092299, 50.661020549569741 ], [ 6.170525254942453, 50.661347364327618 ], [ 6.172992805733869, 50.661405624089646 ], [ 6.175030371980528, 50.661446360251389 ], [ 6.176910018605686, 50.661483906569273 ], [ 6.180477439691768, 50.66185651584204 ], [ 6.184536600360786, 50.662725764256209 ], [ 6.186440161731372, 50.663070203524256 ], [ 6.187716559769012, 50.663220354398447 ], [ 6.1887282249658, 50.663326444605573 ], [ 6.189913203820281, 50.663302308973705 ], [ 6.191057176235009, 50.663139951738536 ], [ 6.191826106060066, 50.662963600443483 ], [ 6.192613882770559, 50.662582925990492 ] ] ] ] } }
]
}
